{"type":"FeatureCollection","features":[{"type":"Feature","geometry":{"type":"LineString","coordinates":[[-59.8091,-14.5491],[-58.9855,-15.3342],[-58.2939,-15.6911],[-57.1408,-16.018],[-57.3826,-16.7284],[-57.5991,-17.9282],[-57.7109,-18.7328],[-58.2257,-19.5277],[-58.2718,-20.1484],[-59.0798,-21.4093],[-58.864,-21.978],[-59.007,-23.2487],[-59.4763,-23.3098],[-59.9495,-23.7231],[-59.7642,-23.9656],[-59.5731,-24.4985]]},"properties":{"id":0,"group":"roads","name":"Amethyst highway"}},{"type":"Feature","geometry":{"type":"LineString","coordinates":[[-57.1408,-16.018],[-56.3186,-15.6826],[-55.4924,-15.4876],[-54.7651,-14.8013],[-53.7296,-14.8923],[-52.7026,-14.5771],[-51.7257,-14.4035],[-51.0328,-14.1994],[-50.5713,-14.2878],[-50.0175,-14.5485],[-49.58,-14.5472],[-47.9186,-14.3853]]},"properties":{"id":1,"group":"roads","name":"Hirian road"}},{"type":"Feature","geometry":{"type":"LineString","coordinates":[[-50.5485,5.7651],[-50.2209,4.7596],[-49.9902,4.3326],[-49.1861,3.3505],[-48.9378,2.8481],[-48.8241,2.4185]]},"properties":{"id":2,"group":"roads","name":"Twilight road"}},{"type":"Feature","geometry":{"type":"LineString","coordinates":[[-50.5264,0.0982],[-50.1338,-0.4107],[-49.9967,-1.2115],[-49.9434,-2.165],[-50.1709,-2.9794],[-49.4091,-3.4285],[-49.0971,-4.5392],[-49.1894,-5.0793],[-50.0695,-5.9802],[-49.0665,-6.5482],[-49.3135,-7.5024],[-49.0496,-8.7308],[-48.5667,-8.9238],[-48.2696,-9.317]]},"properties":{"id":3,"group":"roads","name":"Ember road"}},{"type":"Feature","geometry":{"type":"LineString","coordinates":[[-46.8013,-12.0416],[-46.7389,-13.463],[-47.2407,-13.5911],[-47.6944,-14.0759],[-47.9186,-14.3853]]},"properties":{"id":4,"group":"roads","name":"The Serpentine Twilight road"}},{"type":"Feature","geometry":{"type":"LineString","coordinates":[[-52.1846,6.0199],[-51.8823,6.8771],[-52.3666,7.7845],[-51.1316,8.4123],[-50.308,9.2105],[-49.6762,9.6726],[-49.4494,10.487],[-49.6307,10.9062],[-49.2076,12.1918],[-49.6028,13.0757],[-49.1816,14.2417]]},"properties":{"id":5,"group":"roads","name":"Whispering road"}},{"type":"Feature","geometry":{"type":"LineString","coordinates":[[-34.0184,13.5534],[-33.1766,14.1293],[-32.7918,15.0678],[-32.1184,15.2257],[-31.2942,15.8269],[-30.8665,16.6816],[-31.367,17.3166],[-31.2929,18.2233],[-31.4509,19.1209]]},"properties":{"id":6,"group":"roads","name":"The Rustic Astral route"}},{"type":"Feature","geometry":{"type":"LineString","coordinates":[[0.2762,5.4602],[0.7683,5.6487],[1.1869,5.4356],[1.5041,4.9871],[2.0475,5.1736],[2.5103,5.1372],[2.7475,4.3287],[3.9286,4.809],[4.8561,4.7291],[5.668,4.8428],[6.1945,5.1346],[6.7165,5.4265],[7.1916,5.4875],[7.6824,5.3335],[9.0623,5.6149],[9.815,5.4141],[10.4111,5.6312],[11.0526,5.8613],[11.5024,5.949],[12.142,5.9341],[12.6081,6.3526],[13.5428,6.6412],[13.8743,7.4231],[14.2792,7.8527],[14.7595,8.7438],[14.9136,9.2111],[15.4297,9.5556],[16.3911,9.8637],[17.55,10.1171]]},"properties":{"id":7,"group":"roads","name":"The Obscure Amethyst way"}},{"type":"Feature","geometry":{"type":"LineString","coordinates":[[-10.7711,2.5517],[-10.1855,2.8208],[-9.6324,2.6824],[-9.1585,2.3723],[-8.1841,2.1475],[-7.6765,2.3723],[-7.2111,2.1117],[-6.5455,2.0604],[-5.7798,2.1137],[-5.536,2.2345],[-5.2065,1.9434],[-4.7353,2.2651],[-4.6995,2.7493],[-4.6598,3.2368],[-4.3277,3.8822],[-3.7505,4.2312],[-3.1713,4.575],[-2.5441,4.6316],[-2.4498,5.1762],[-2.1385,5.5506],[-1.7153,5.8372],[-1.1635,5.7976],[-0.6091,5.7618],[-0.1547,5.7534],[0.2762,5.4602]]},"properties":{"id":8,"group":"roads","name":"The Obscure Glowing road"}},{"type":"Feature","geometry":{"type":"LineString","coordinates":[[44.4015,-7.1104],[44.8233,-6.4741],[45.513,-6.9089],[46.1448,-6.7744],[46.6076,-6.5554],[46.8592,-6.2401],[47.5637,-5.5402],[48.4686,-5.6604],[49.7451,-5.1352],[50.1573,-4.9234],[50.3367,-4.5041],[51.2889,-3.9816]]},"properties":{"id":9,"group":"roads","name":"The Obscure Glowing road"}},{"type":"Feature","geometry":{"type":"LineString","coordinates":[[49.1836,8.1569],[49.6061,7.7364],[49.7185,7.195],[50.531,6.6341],[50.6168,5.5948],[50.3652,5.0716]]},"properties":{"id":10,"group":"roads","name":"The Misty Lekrian way"}},{"type":"Feature","geometry":{"type":"LineString","coordinates":[[49.8563,4.6433],[49.7829,4.1435],[49.8095,3.6527],[49.8414,3.1594],[49.6502,2.4523],[49.5495,1.7679],[49.4487,1.0666],[48.9801,0.6773],[50.388,0.0228],[50.2788,-0.5336],[50.5537,-1.1439],[51.0185,-1.4728],[51.2337,-2.2592],[51.0517,-3.2166],[51.2889,-3.9816]]},"properties":{"id":11,"group":"roads","name":"Sun road"}},{"type":"Feature","geometry":{"type":"LineString","coordinates":[[49.6249,8.9966],[49.0685,8.9823],[48.1923,9.4776],[47.5735,9.9053],[46.4113,9.9274],[46.1571,10.5968],[46.1929,10.9348],[45.6592,11.4359],[45.435,12.2061],[45.1152,12.6467],[44.3723,13.0237],[43.6059,13.5482],[42.3221,12.7475]]},"properties":{"id":12,"group":"roads","name":"Clean road"}},{"type":"Feature","geometry":{"type":"LineString","coordinates":[[-13.587,-40.3879],[-13.0975,-40.1084],[-12.6549,-40.28],[-12.35,-40.6218],[-11.9782,-40.9436],[-11.4075,-41.0801],[-10.7575,-41.6033],[-10.5222,-40.9507],[-9.9775,-40.5893],[-9.4309,-40.2319],[-8.9082,-40.1441],[-8.2713,-40.3268],[-7.722,-40.4854],[-7.1727,-40.6498],[-6.8276,-40.2039],[-5.8071,-40.2286],[-5.1363,-39.7756],[-4.3075,-39.3635],[-3.7447,-39.4181],[-3.1499,-39.6508],[-2.3771,-39.5735],[-2.1925,-39.7347],[-1.261,-40.0187],[-1.0835,-40.2793],[-1.0264,-41.1009],[-0.7546,-41.7944],[-0.1664,-42.2461],[0.2808,-42.8167],[0.7085,-43.0787],[1.1394,-43.336],[1.7959,-43.3315],[2.405,-43.5661],[2.9907,-43.6571],[3.5295,-43.4556],[3.8194,-43.3809],[3.965,-43.0637],[3.939,-42.6627],[4.0391,-42.3169],[4.355,-42.0712],[4.8809,-41.9282],[5.3742,-41.4044],[5.6355,-40.9338],[5.692,-40.4633],[5.5445,-39.9914],[5.1948,-39.513],[4.771,-38.9905],[4.3505,-38.4647],[4.0241,-38.3984],[3.4138,-38.7181],[2.938,-38.2164],[2.5929,-37.7393],[2.6,-36.9366],[2.6052,-36.1307],[2.6579,-35.6562],[2.8769,-35.2734],[3.3599,-34.8776],[3.705,-34.2133],[4.3251,-34.2946],[4.9959,-34.0431],[5.564,-33.6784],[6.0645,-34.1028],[6.6177,-34.0872],[7.2085,-33.9534],[7.6082,-34.1496],[7.8306,-33.8247],[7.787,-32.8822],[8.749,-32.738],[9.2111,-32.7964],[9.6655,-32.7185],[10.1517,-32.6307],[10.4949,-32.3668],[10.6769,-31.9847],[11.286,-32.7484],[11.4302,-32.9843],[12.8466,-32.5475],[13.3835,-31.7559],[13.8073,-31.4491],[14.5411,-31.2281],[15.0754,-31.2158]]},"properties":{"id":13,"group":"roads","name":"Copper road"}},{"type":"Feature","geometry":{"type":"LineString","coordinates":[[18.8442,-33.2241],[19.7138,-32.554],[20.1039,-32.3915],[20.7194,-32.3564],[21.4786,-32.1686],[22.0746,-30.9701],[22.9099,-30.389],[23.7588,-30.1863],[24.6246,-29.5506],[24.2476,-28.7278],[24.6298,-27.7444],[24.8437,-27.1783],[25.207,-26.9144],[25.673,-26.8065]]},"properties":{"id":14,"group":"roads","name":"Hitchethers road"}},{"type":"Feature","geometry":{"type":"LineString","coordinates":[[25.7465,-26.1735],[26.4777,-25.3922],[26.9672,-25.8153],[27.6952,-25.3539],[28.1938,-25.1712],[28.9289,-25.4202],[29.497,-25.3753],[30.017,-25.3084],[30.357,-25.3038],[30.7931,-25.324],[31.5413,-25.6431],[32.1835,-26.0012],[32.8835,-26.0428],[33.408,-26.3606],[34.6697,-26.8592],[35.2398,-27.3889],[36.0854,-27.7177],[35.7871,-28.2111],[35.9521,-28.889],[36.738,-29.6312],[37.2807,-30.0998],[37.4504,-30.3793],[37.5758,-31.0013],[37.869,-31.4836],[38.1654,-31.96],[38.1875,-32.4845],[38.3442,-32.996],[38.7595,-33.4919],[38.6327,-34.0801],[38.6243,-34.6833],[38.5457,-35.2942],[38.6399,-35.887],[39.0267,-36.3699],[39.0124,-37.0562],[39.3705,-37.5248],[39.3367,-37.896],[39.247,-38.1754],[39.3224,-38.4692],[39.676,-38.9905],[40.0244,-39.5143],[40.3715,-39.9654],[40.7472,-40.2273],[41.1541,-40.306],[41.6585,-40.2189],[42.0407,-40.4126],[42.3638,-40.7856],[42.6627,-41.0079],[42.822,-41.2913],[43.2055,-41.7372],[43.329,-42.2662],[43.535,-42.7114],[43.953,-43.0267],[44.5081,-43.0943],[44.9202,-42.937],[45.2855,-42.5132],[45.7268,-42.198],[46.3255,-42.0907],[46.8098,-41.9237],[47.1055,-41.5903],[47.2147,-41.084],[47.0145,-40.6413],[46.7207,-40.2897],[46.2345,-40.1279],[45.654,-40.0635],[45.3082,-40.1617],[44.564,-40.0434],[44.0888,-39.734],[43.8763,-39.2394],[43.992,-38.6655],[43.9309,-38.2138],[43.693,-37.8791],[43.2738,-37.66],[42.718,-37.2291],[42.161,-36.7917],[41.821,-36.4687],[41.4765,-36.145],[41.093,-35.7732],[40.7101,-35.4047],[40.4437,-34.5656],[40.378,-34.0379],[40.3124,-33.5049],[40.4489,-32.9895],[40.2675,-32.3571],[40.2805,-31.3848],[40.4781,-30.82],[40.8265,-30.5151],[41.3315,-30.4703],[42.1064,-30.5795],[42.4352,-29.2178],[42.603,-28.6075],[42.9325,-27.7905],[43.5045,-27.5319],[43.7145,-26.8956],[43.771,-26.4009],[43.8282,-25.8881],[43.6313,-25.337],[43.8854,-24.65],[43.6137,-24.6233],[43.0294,-24.3523],[43.4538,-23.6491],[42.9845,-23.4307],[42.6881,-23.1063],[42.562,-22.6767],[42.6043,-22.1457],[42.2123,-21.5237],[42.4567,-20.8322],[42.2793,-20.0652],[41.4902,-18.9441],[41.4258,-18.5872],[41.9023,-17.4388],[41.7638,-16.9084],[41.5675,-16.3267],[41.3712,-15.7509],[41.2425,-15.1893],[41.1105,-14.6252],[41.314,-14.02],[41.5467,-13.4559],[42.0732,-12.9619],[41.819,-12.1176],[42.0336,-11.3631],[42.5308,-10.0866],[42.7908,-9.5334],[43.071,-9.161],[43.3492,-8.7418],[44.4204,-8.0275]]},"properties":{"id":15,"group":"roads","name":"Wraith way"}},{"type":"Feature","geometry":{"type":"LineString","coordinates":[[57.6843,7.2879],[56.9302,7.7845],[57.3164,8.1465],[57.7519,9.3541],[58.3161,9.5757],[58.7138,10.227],[58.7451,11.263],[59.3366,11.5236],[59.8838,11.6848],[60.4669,12.3036],[60.4949,12.9665],[60.6196,13.4267],[60.9726,13.8628],[62.049,14.3964]]},"properties":{"id":16,"group":"roads","name":"Hegailean road"}},{"type":"Feature","geometry":{"type":"LineString","coordinates":[[50.531,6.6341],[51.2792,6.7303],[51.7055,5.8288],[52.2717,5.7326],[53.5607,5.9594],[53.807,6.5541],[54.056,7.1521],[54.8997,7.6896],[55.497,7.7006],[56.9302,7.7845]]},"properties":{"id":17,"group":"roads","name":"Dusk highway"}},{"type":"Feature","geometry":{"type":"LineString","coordinates":[[-52.4127,-2.0649],[-52.0013,-1.6002],[-51.5138,-1.4175],[-49.9967,-1.2115]]},"properties":{"id":18,"group":"trails","name":"Valmadrandan trail"}},{"type":"Feature","geometry":{"type":"LineString","coordinates":[[-51.8531,-2.9975],[-52.4127,-2.0649],[-52.817,-1.788],[-53.6224,-1.4994]]},"properties":{"id":19,"group":"trails","name":"The Cobbled Quintecan pass"}},{"type":"Feature","geometry":{"type":"LineString","coordinates":[[-52.1625,0.31],[-52.0591,-0.529],[-51.5138,-1.4175]]},"properties":{"id":20,"group":"trails","name":null}},{"type":"Feature","geometry":{"type":"LineString","coordinates":[[-51.8531,-2.9975],[-51.7978,-3.9361],[-51.4813,-4.51],[-51.1127,-4.8421],[-51.1888,-5.702]]},"properties":{"id":21,"group":"trails","name":"Mustvemiluan trail"}},{"type":"Feature","geometry":{"type":"LineString","coordinates":[[-53.9019,-2.1273],[-53.6224,-1.4994]]},"properties":{"id":22,"group":"trails","name":null}},{"type":"Feature","geometry":{"type":"LineString","coordinates":[[-53.2311,-0.0052],[-54.2496,-0.3042],[-53.6224,-1.4994]]},"properties":{"id":23,"group":"trails","name":null}},{"type":"Feature","geometry":{"type":"LineString","coordinates":[[-51.7978,-3.9361],[-52.7462,-5.0923],[-52.8853,-6.142],[-52.6415,-6.7985],[-53.0998,-7.3327],[-53.8889,-7.7383],[-54.5051,-7.5212],[-55.2883,-6.9733],[-56.329,-6.753],[-56.4856,-6.0978],[-56.301,-5.1983]]},"properties":{"id":24,"group":"trails","name":"The Sacred Manttivian trail"}},{"type":"Feature","geometry":{"type":"LineString","coordinates":[[-50.1338,-0.4107],[-49.53,-0.5927],[-48.5069,-0.3594],[-47.9323,0.0566],[-47.3187,-0.2054],[-46.8767,-0.7104],[-46.5627,-1.3902],[-45.8887,-1.9752],[-46.1279,-2.9638],[-46.0785,-3.4291],[-46.2455,-4.1252],[-46.6615,-4.6595]]},"properties":{"id":25,"group":"trails","name":"The Shaky Umalescoran pass"}},{"type":"Feature","geometry":{"type":"LineString","coordinates":[[-48.7636,-4.3208],[-49.0971,-4.5392]]},"properties":{"id":26,"group":"trails","name":null}},{"type":"Feature","geometry":{"type":"LineString","coordinates":[[-53.2311,-0.0052],[-52.1625,0.31],[-51.3734,0.3978],[-50.4985,0.8534]]},"properties":{"id":27,"group":"trails","name":"Monian trail"}},{"type":"Feature","geometry":{"type":"LineString","coordinates":[[-52.2392,2.4588],[-52.0715,1.6392],[-52.1625,0.31]]},"properties":{"id":28,"group":"trails","name":null}},{"type":"Feature","geometry":{"type":"LineString","coordinates":[[-50.0695,-5.9802],[-51.1888,-5.702]]},"properties":{"id":29,"group":"trails","name":null}},{"type":"Feature","geometry":{"type":"LineString","coordinates":[[-47.9323,0.0566],[-47.1581,0.8606]]},"properties":{"id":30,"group":"trails","name":null}},{"type":"Feature","geometry":{"type":"LineString","coordinates":[[-54.1242,-4.4274],[-53.8856,-3.5312],[-53.9019,-2.1273]]},"properties":{"id":31,"group":"trails","name":null}},{"type":"Feature","geometry":{"type":"LineString","coordinates":[[-52.3867,3.3317],[-52.2392,2.4588]]},"properties":{"id":32,"group":"trails","name":null}},{"type":"Feature","geometry":{"type":"LineString","coordinates":[[-48.7636,-4.3208],[-48.5829,-4.7089],[-48.007,-5.1794],[-47.3278,-5.0956],[-46.6615,-4.6595]]},"properties":{"id":33,"group":"trails","name":"Umalescoran trail"}},{"type":"Feature","geometry":{"type":"LineString","coordinates":[[-54.2496,-0.3042],[-54.574,-0.4549],[-55.0868,-0.117],[-55.3728,0.4303],[-55.9903,1.6236],[-55.6185,2.2391],[-54.7371,3.1211],[-53.7881,2.8397],[-53.6048,3.5988],[-53.2083,3.5364],[-52.8144,3.3473],[-52.3867,3.3317]]},"properties":{"id":34,"group":"trails","name":"Allorean track"}},{"type":"Feature","geometry":{"type":"LineString","coordinates":[[-52.7462,-5.0923],[-53.4553,-4.9727],[-54.1242,-4.4274],[-54.7937,-4.974],[-55.4313,-5.1567],[-56.301,-5.1983],[-56.938,-4.4625],[-57.7752,-4.2864],[-57.9969,-4.0121],[-58.7502,-3.1659],[-58.7561,-2.8214],[-58.591,-2.397],[-58.6722,-1.7191]]},"properties":{"id":35,"group":"trails","name":"Pararaive trail"}},{"type":"Feature","geometry":{"type":"LineString","coordinates":[[-53.8889,-7.7383],[-53.714,-8.5676],[-54.4667,-8.4961],[-55.8915,-9.356]]},"properties":{"id":36,"group":"trails","name":"Manttoitian trail"}},{"type":"Feature","geometry":{"type":"LineString","coordinates":[[-51.868,4.7577],[-52.3965,3.7392],[-52.3867,3.3317]]},"properties":{"id":37,"group":"trails","name":null}},{"type":"Feature","geometry":{"type":"LineString","coordinates":[[-57.3001,1.9005],[-56.6956,1.7893],[-55.9903,1.6236]]},"properties":{"id":38,"group":"trails","name":null}},{"type":"Feature","geometry":{"type":"LineString","coordinates":[[-57.6868,-0.7955],[-57.6082,0.2996],[-57.2442,1.1374],[-57.3001,1.9005],[-57.1317,2.7922],[-57.1733,3.7216],[-56.8269,4.4535],[-57.1109,5.4739],[-56.3062,5.2763],[-55.4294,4.5087]]},"properties":{"id":39,"group":"trails","name":"Cancanar trail"}},{"type":"Feature","geometry":{"type":"LineString","coordinates":[[-57.6868,-0.7955],[-58.6722,-1.7191]]},"properties":{"id":40,"group":"trails","name":null}},{"type":"Feature","geometry":{"type":"LineString","coordinates":[[-53.027,-9.3606],[-53.714,-8.5676]]},"properties":{"id":41,"group":"trails","name":null}},{"type":"Feature","geometry":{"type":"LineString","coordinates":[[-58.2881,-5.34],[-57.7752,-4.2864]]},"properties":{"id":42,"group":"trails","name":null}},{"type":"Feature","geometry":{"type":"LineString","coordinates":[[-53.9123,4.8792],[-53.6048,3.5988]]},"properties":{"id":43,"group":"trails","name":null}},{"type":"Feature","geometry":{"type":"LineString","coordinates":[[-49.8686,-9.5087],[-50.3698,-8.6918],[-51.1829,-9.1734]]},"properties":{"id":44,"group":"trails","name":null}},{"type":"Feature","geometry":{"type":"LineString","coordinates":[[-47.3375,-8.3726],[-48.5667,-8.9238]]},"properties":{"id":45,"group":"trails","name":null}},{"type":"Feature","geometry":{"type":"LineString","coordinates":[[-54.8983,3.9348],[-54.7371,3.1211]]},"properties":{"id":46,"group":"trails","name":null}},{"type":"Feature","geometry":{"type":"LineString","coordinates":[[-53.027,-9.3606],[-52.3107,-10.1554],[-51.9109,-9.5445],[-51.1829,-9.1734]]},"properties":{"id":47,"group":"trails","name":"Astral trail"}},{"type":"Feature","geometry":{"type":"LineString","coordinates":[[-57.1317,2.7922],[-58.1828,2.6668]]},"properties":{"id":48,"group":"trails","name":null}},{"type":"Feature","geometry":{"type":"LineString","coordinates":[[-56.5285,-9.1565],[-55.8915,-9.356]]},"properties":{"id":49,"group":"trails","name":null}},{"type":"Feature","geometry":{"type":"LineString","coordinates":[[-53.9383,-10.0482],[-53.1953,-10.6559],[-53.3188,-10.9555]]},"properties":{"id":50,"group":"trails","name":null}},{"type":"Feature","geometry":{"type":"LineString","coordinates":[[-53.027,-9.3606],[-53.9383,-10.0482]]},"properties":{"id":51,"group":"trails","name":null}},{"type":"Feature","geometry":{"type":"LineString","coordinates":[[-47.3375,-8.3726],[-46.6531,-8.619],[-45.5812,-8.5585],[-45.0703,-8.9446],[-44.9436,-9.3963],[-45.006,-9.8467],[-45.1646,-10.2984],[-44.5874,-10.6715],[-45.1165,-11.3351],[-45.5598,-11.6165],[-45.888,-12.0208]]},"properties":{"id":52,"group":"trails","name":"Ilzarenazan track"}},{"type":"Feature","geometry":{"type":"LineString","coordinates":[[-49.0496,-8.7308],[-49.8686,-9.5087]]},"properties":{"id":53,"group":"trails","name":null}},{"type":"Feature","geometry":{"type":"LineString","coordinates":[[-52.4153,-10.9464],[-52.3107,-10.1554]]},"properties":{"id":54,"group":"trails","name":null}},{"type":"Feature","geometry":{"type":"LineString","coordinates":[[-49.0022,-10.6839],[-49.8686,-9.5087]]},"properties":{"id":55,"group":"trails","name":null}},{"type":"Feature","geometry":{"type":"LineString","coordinates":[[-58.604,-7.7747],[-58.3095,-7.1735],[-57.8246,-6.5209],[-57.7414,-5.7241],[-58.2881,-5.34]]},"properties":{"id":56,"group":"trails","name":"Lieralian trail"}},{"type":"Feature","geometry":{"type":"LineString","coordinates":[[-59.8793,-5.9451],[-59.1669,-5.6922],[-58.2881,-5.34]]},"properties":{"id":57,"group":"trails","name":null}},{"type":"Feature","geometry":{"type":"LineString","coordinates":[[-54.7215,6.4111],[-54.5434,5.6045],[-53.9123,4.8792]]},"properties":{"id":58,"group":"trails","name":null}},{"type":"Feature","geometry":{"type":"LineString","coordinates":[[-52.4153,-10.9464],[-53.1953,-10.6559]]},"properties":{"id":59,"group":"trails","name":null}},{"type":"Feature","geometry":{"type":"LineString","coordinates":[[-57.6725,-8.9004],[-57.3618,-9.4561],[-56.5285,-9.1565]]},"properties":{"id":60,"group":"trails","name":null}},{"type":"Feature","geometry":{"type":"LineString","coordinates":[[-44.861,-7.1754],[-45.0372,-7.6993],[-45.5812,-8.5585]]},"properties":{"id":61,"group":"trails","name":null}},{"type":"Feature","geometry":{"type":"LineString","coordinates":[[-47.3278,-5.0956],[-46.7668,-6.0985],[-46.4067,-6.5846],[-45.7346,-6.7933],[-44.861,-7.1754]]},"properties":{"id":62,"group":"trails","name":"Partuenejan trail"}},{"type":"Feature","geometry":{"type":"LineString","coordinates":[[-54.0715,6.8667],[-53.298,6.8823],[-52.1846,6.0199]]},"properties":{"id":63,"group":"trails","name":null}},{"type":"Feature","geometry":{"type":"LineString","coordinates":[[-61.0727,-2.1052],[-60.0528,-1.6236],[-59.293,-1.71],[-58.6722,-1.7191]]},"properties":{"id":64,"group":"trails","name":"Pararaive trail"}},{"type":"Feature","geometry":{"type":"LineString","coordinates":[[-48.8241,2.4185],[-48.6265,1.7029],[-48.3957,0.9756],[-47.9323,0.0566]]},"properties":{"id":65,"group":"trails","name":"Ebon trail"}},{"type":"Feature","geometry":{"type":"LineString","coordinates":[[-48.9788,5.3966],[-48.191,6.1875]]},"properties":{"id":66,"group":"trails","name":null}},{"type":"Feature","geometry":{"type":"LineString","coordinates":[[-59.7662,2.7714],[-59.1935,2.3613],[-58.6482,2.3028],[-58.1828,2.6668]]},"properties":{"id":67,"group":"trails","name":"Kasvaakinenese path"}},{"type":"Feature","geometry":{"type":"LineString","coordinates":[[-44.5497,4.3053],[-45.1685,4.926],[-45.5929,5.2763],[-46.0252,5.6799],[-46.28,6.0823],[-46.4847,6.311],[-47.0054,6.5047],[-47.6489,6.443],[-48.191,6.1875]]},"properties":{"id":68,"group":"trails","name":"Ciquenadan trail"}},{"type":"Feature","geometry":{"type":"LineString","coordinates":[[-48.9788,5.3966],[-49.2186,5.0677],[-49.296,4.6472],[-49.2986,4.1863],[-49.1861,3.3505]]},"properties":{"id":69,"group":"trails","name":"Lunar trail"}},{"type":"Feature","geometry":{"type":"LineString","coordinates":[[-58.2575,-9.4548],[-57.6725,-8.9004],[-58.2036,-8.5676],[-58.604,-7.7747]]},"properties":{"id":70,"group":"trails","name":"The Shrouded Laudaskog path"}},{"type":"Feature","geometry":{"type":"LineString","coordinates":[[-59.1682,-8.6866],[-58.604,-7.7747]]},"properties":{"id":71,"group":"trails","name":null}},{"type":"Feature","geometry":{"type":"LineString","coordinates":[[-58.3095,-7.1735],[-59.2507,-6.7549],[-59.8793,-5.9451]]},"properties":{"id":72,"group":"trails","name":null}},{"type":"Feature","geometry":{"type":"LineString","coordinates":[[-57.1109,5.4739],[-58.227,5.7254],[-58.6436,6.5262],[-58.6137,7.1761],[-58.8893,7.7741],[-59.4106,8.0613],[-59.6505,8.7275],[-59.5647,9.8786],[-60.2732,10.4122],[-60.7197,11.3917],[-60.5845,12.0748],[-59.8877,12.9262],[-61.3853,13.1407]]},"properties":{"id":73,"group":"trails","name":"Burdadasas path"}},{"type":"Feature","geometry":{"type":"LineString","coordinates":[[-60.7353,3.0639],[-60.1867,2.3203],[-59.7662,2.7714]]},"properties":{"id":74,"group":"trails","name":null}},{"type":"Feature","geometry":{"type":"LineString","coordinates":[[-60.1867,2.3203],[-61.2053,1.7614]]},"properties":{"id":75,"group":"trails","name":null}},{"type":"Feature","geometry":{"type":"LineString","coordinates":[[-59.9709,1.0776],[-60.1867,2.3203]]},"properties":{"id":76,"group":"trails","name":null}},{"type":"Feature","geometry":{"type":"LineString","coordinates":[[-50.2092,7.6837],[-51.1316,8.4123]]},"properties":{"id":77,"group":"trails","name":null}},{"type":"Feature","geometry":{"type":"LineString","coordinates":[[-47.5351,7.6291],[-47.6489,6.443]]},"properties":{"id":78,"group":"trails","name":null}},{"type":"Feature","geometry":{"type":"LineString","coordinates":[[-58.2575,-9.4548],[-59.1682,-8.6866]]},"properties":{"id":79,"group":"trails","name":null}},{"type":"Feature","geometry":{"type":"LineString","coordinates":[[-58.2575,-9.4548],[-58.7203,-10.1606],[-59.1825,-10.7742],[-59.6271,-10.9802],[-60.4331,-11.5691],[-60.6515,-10.5968],[-61.8546,-10.1977]]},"properties":{"id":80,"group":"trails","name":"Ururesaan track"}},{"type":"Feature","geometry":{"type":"LineString","coordinates":[[-44.8194,6.0543],[-45.5929,5.2763]]},"properties":{"id":81,"group":"trails","name":null}},{"type":"Feature","geometry":{"type":"LineString","coordinates":[[-62.3402,0.1833],[-62.3116,1.1446],[-61.7357,1.6294],[-61.2053,1.7614]]},"properties":{"id":82,"group":"trails","name":"Lielottian path"}},{"type":"Feature","geometry":{"type":"LineString","coordinates":[[-60.4844,3.6566],[-60.8354,3.8191],[-61.3853,5.2451],[-61.4172,6.1323],[-61.3151,6.363],[-60.7847,7.0942],[-60.266,7.388],[-59.4106,8.0613]]},"properties":{"id":83,"group":"trails","name":"Berriostilese trail"}},{"type":"Feature","geometry":{"type":"LineString","coordinates":[[-60.7353,3.0639],[-60.4844,3.6566]]},"properties":{"id":84,"group":"trails","name":null}},{"type":"Feature","geometry":{"type":"LineString","coordinates":[[-56.7944,-12.1339],[-56.5994,-11.4261],[-56.7963,-10.6046],[-57.3618,-9.4561]]},"properties":{"id":85,"group":"trails","name":"Eskilan trail"}},{"type":"Feature","geometry":{"type":"LineString","coordinates":[[-52.7026,-14.5771],[-52.8957,-14.124],[-52.9893,-12.9827],[-52.7059,-12.2587],[-52.4153,-10.9464]]},"properties":{"id":86,"group":"trails","name":"Ylikerapian trail"}},{"type":"Feature","geometry":{"type":"LineString","coordinates":[[-47.5351,7.6291],[-46.9332,7.9944],[-46.4133,8.1751],[-45.6911,8.0984],[-46.0895,7.5492],[-46.4847,6.311]]},"properties":{"id":87,"group":"trails","name":"Pinorancan trail"}},{"type":"Feature","geometry":{"type":"LineString","coordinates":[[-47.5351,7.6291],[-47.9297,8.4435]]},"properties":{"id":88,"group":"trails","name":null}},{"type":"Feature","geometry":{"type":"LineString","coordinates":[[-61.8059,3.0184],[-60.7353,3.0639]]},"properties":{"id":89,"group":"trails","name":null}},{"type":"Feature","geometry":{"type":"LineString","coordinates":[[-50.2092,7.6837],[-49.4955,7.6005],[-48.7403,8.1692],[-47.9297,8.4435]]},"properties":{"id":90,"group":"trails","name":"Pocendiemilese trail"}},{"type":"Feature","geometry":{"type":"LineString","coordinates":[[-53.298,6.8823],[-52.3666,7.7845]]},"properties":{"id":91,"group":"trails","name":null}},{"type":"Feature","geometry":{"type":"LineString","coordinates":[[-55.4775,-13.207],[-56.0189,-12.4251],[-56.7944,-12.1339],[-57.7661,-12.0416],[-58.4616,-12.3315],[-59.0531,-12.4803],[-60.3382,-12.0065],[-60.4331,-11.5691]]},"properties":{"id":92,"group":"trails","name":"Porgampaaran track"}},{"type":"Feature","geometry":{"type":"LineString","coordinates":[[-49.0022,-10.6839],[-49.4715,-11.3585],[-49.582,-11.8356]]},"properties":{"id":93,"group":"trails","name":null}},{"type":"Feature","geometry":{"type":"LineString","coordinates":[[-53.987,-11.1232],[-54.0767,-11.7615],[-54.4661,-12.182],[-55.4775,-13.207]]},"properties":{"id":94,"group":"trails","name":"Kottoinenan trail"}},{"type":"Feature","geometry":{"type":"LineString","coordinates":[[-49.3473,-13.2206],[-49.582,-11.8356]]},"properties":{"id":95,"group":"trails","name":null}},{"type":"Feature","geometry":{"type":"LineString","coordinates":[[-51.3636,-15.1061],[-51.7257,-14.4035]]},"properties":{"id":96,"group":"trails","name":null}},{"type":"Feature","geometry":{"type":"LineString","coordinates":[[-47.749,10.0879],[-48.1474,9.852],[-48.1754,9.3288],[-47.9297,8.4435]]},"properties":{"id":97,"group":"trails","name":"The Echoing Pocendiemilese path"}},{"type":"Feature","geometry":{"type":"LineString","coordinates":[[-54.7651,-14.8013],[-55.3455,-14.2709],[-55.4775,-13.207]]},"properties":{"id":98,"group":"trails","name":null}},{"type":"Feature","geometry":{"type":"LineString","coordinates":[[-61.0727,-2.1052],[-61.2833,-1.7483],[-61.9404,-1.0912],[-62.3402,0.1833]]},"properties":{"id":99,"group":"trails","name":"Hintajarvian pass"}},{"type":"Feature","geometry":{"type":"LineString","coordinates":[[-51.1959,11.0076],[-51.1251,9.8585],[-50.8722,9.5634],[-50.308,9.2105]]},"properties":{"id":100,"group":"trails","name":"Valloyan trail"}},{"type":"Feature","geometry":{"type":"LineString","coordinates":[[-51.3636,-15.1061],[-51.2011,-15.5448],[-51.5391,-16.7667],[-52.6233,-17.4089],[-53.0218,-17.1099],[-53.5717,-17.2607],[-54.2425,-17.7924],[-54.7566,-18.5073],[-55.4274,-18.8193]]},"properties":{"id":101,"group":"trails","name":"Micagan trail"}},{"type":"Feature","geometry":{"type":"LineString","coordinates":[[-58.5416,-13.7913],[-58.6144,-13.4045],[-58.8744,-13.1485],[-59.0531,-12.4803]]},"properties":{"id":102,"group":"trails","name":"Malvan trail"}},{"type":"Feature","geometry":{"type":"LineString","coordinates":[[-60.3382,-12.0065],[-60.6755,-12.5356],[-60.7509,-13.4825]]},"properties":{"id":103,"group":"trails","name":null}},{"type":"Feature","geometry":{"type":"LineString","coordinates":[[-45.6911,8.0984],[-45.2595,8.593],[-44.7512,9.6927],[-44.0895,9.9781]]},"properties":{"id":104,"group":"trails","name":"Cargean trail"}},{"type":"Feature","geometry":{"type":"LineString","coordinates":[[-49.2076,12.1918],[-48.1786,12.0566],[-47.8276,11.302],[-47.749,10.0879]]},"properties":{"id":105,"group":"trails","name":"Zartelas trail"}},{"type":"Feature","geometry":{"type":"LineString","coordinates":[[-54.7215,6.4111],[-54.0715,6.8667],[-53.9682,7.5375],[-54.4882,8.6769],[-55.0231,9.4002],[-55.1239,10.2497],[-55.6783,11.1207],[-55.8376,12.0345]]},"properties":{"id":106,"group":"trails","name":"Cholalan pass"}},{"type":"Feature","geometry":{"type":"LineString","coordinates":[[-57.4574,-13.7952],[-58.5416,-13.7913],[-59.1597,-14.3489],[-59.8091,-14.5491],[-60.2582,-13.9265],[-60.7509,-13.4825]]},"properties":{"id":107,"group":"trails","name":"Esjarpanman path"}},{"type":"Feature","geometry":{"type":"LineString","coordinates":[[-50.0175,-14.5485],[-51.2011,-15.5448]]},"properties":{"id":108,"group":"trails","name":null}},{"type":"Feature","geometry":{"type":"LineString","coordinates":[[-44.2195,10.7547],[-44.0895,9.9781]]},"properties":{"id":109,"group":"trails","name":null}},{"type":"Feature","geometry":{"type":"LineString","coordinates":[[-55.9988,-17.002],[-56.2295,-16.8831],[-57.3826,-16.7284]]},"properties":{"id":110,"group":"trails","name":null}},{"type":"Feature","geometry":{"type":"LineString","coordinates":[[-54.3998,12.947],[-53.8596,12.5538],[-53.1531,12.4336],[-52.0351,12.327],[-51.5281,11.8278],[-51.1959,11.0076],[-50.1975,11.4274],[-49.2076,12.1918]]},"properties":{"id":111,"group":"trails","name":"Revillian trail"}},{"type":"Feature","geometry":{"type":"LineString","coordinates":[[-44.2195,10.7547],[-43.6605,11.1987],[-43.327,10.6338]]},"properties":{"id":112,"group":"trails","name":null}},{"type":"Feature","geometry":{"type":"LineString","coordinates":[[-61.3424,-14.8871],[-60.9128,-13.9492],[-60.7509,-13.4825]]},"properties":{"id":113,"group":"trails","name":null}},{"type":"Feature","geometry":{"type":"LineString","coordinates":[[-48.1786,12.0566],[-47.5793,12.6805],[-47.255,12.0891],[-46.7694,11.8694],[-46.0915,12.0436],[-45.4018,12.7182],[-44.8422,12.6747],[-44.4015,12.3101],[-44.0271,11.8135],[-43.6605,11.1987]]},"properties":{"id":114,"group":"trails","name":"Urdielfortan trail"}},{"type":"Feature","geometry":{"type":"LineString","coordinates":[[-43.0085,11.547],[-43.2763,11.276],[-43.6605,11.1987]]},"properties":{"id":115,"group":"trails","name":null}},{"type":"Feature","geometry":{"type":"LineString","coordinates":[[-48.139,13.844],[-48.3977,13.4572],[-48.4341,13.0374],[-48.0948,12.767],[-47.5793,12.6805]]},"properties":{"id":116,"group":"trails","name":"The Great Oramelan trail"}},{"type":"Feature","geometry":{"type":"LineString","coordinates":[[-57.9774,13.3032],[-57.5107,12.9223],[-56.7222,12.7553],[-55.8376,12.0345]]},"properties":{"id":117,"group":"trails","name":"Cholalan track"}},{"type":"Feature","geometry":{"type":"LineString","coordinates":[[-61.217,-16.5744],[-61.3762,-15.9569],[-61.3424,-14.8871]]},"properties":{"id":118,"group":"trails","name":null}},{"type":"Feature","geometry":{"type":"LineString","coordinates":[[-52.6233,-17.4089],[-52.2639,-18.4007],[-51.3825,-19.5225],[-51.4644,-20.268],[-50.8228,-20.9862],[-50.4296,-21.3768],[-49.9908,-21.9832],[-49.101,-22.368]]},"properties":{"id":119,"group":"trails","name":"Monguinian track"}},{"type":"Feature","geometry":{"type":"LineString","coordinates":[[-59.9287,14.4263],[-60.0288,13.4793],[-59.8877,12.9262],[-59.0759,13.2077],[-57.9774,13.3032],[-58.214,13.6633],[-58.0651,14.5154],[-57.9943,15.0373],[-58.2406,15.9595],[-57.2104,15.8536],[-56.2952,16.5412],[-55.7869,17.5298],[-55.7901,18.4703],[-55.822,19.1111],[-54.327,19.7045]]},"properties":{"id":120,"group":"trails","name":"The Shaky Valcan pass"}},{"type":"Feature","geometry":{"type":"LineString","coordinates":[[-53.9142,13.996],[-53.5574,14.943],[-53.3513,15.5865]]},"properties":{"id":121,"group":"trails","name":null}},{"type":"Feature","geometry":{"type":"LineString","coordinates":[[-52.988,16.1058],[-53.0803,15.5871],[-52.9015,15.0685],[-52.4745,14.8579],[-52.1527,14.4848],[-51.7874,14.0032],[-51.1127,13.9284],[-50.349,14.2534],[-50.1176,13.7848],[-49.6554,13.8596],[-49.1816,14.2417],[-48.3977,13.4572]]},"properties":{"id":122,"group":"trails","name":"Foncan trail"}},{"type":"Feature","geometry":{"type":"LineString","coordinates":[[-56.4005,-18.9285],[-55.4274,-18.8193]]},"properties":{"id":123,"group":"trails","name":null}},{"type":"Feature","geometry":{"type":"LineString","coordinates":[[-55.9559,-17.535],[-56.2029,-17.7267],[-57.5991,-17.9282]]},"properties":{"id":124,"group":"trails","name":null}},{"type":"Feature","geometry":{"type":"LineString","coordinates":[[-56.4005,-18.9285],[-56.3361,-19.4822],[-56.6013,-20.0002]]},"properties":{"id":125,"group":"trails","name":null}},{"type":"Feature","geometry":{"type":"LineString","coordinates":[[-58.2257,-19.5277],[-58.1152,-18.7881],[-57.5991,-17.9282]]},"properties":{"id":126,"group":"trails","name":null}},{"type":"Feature","geometry":{"type":"LineString","coordinates":[[-54.6754,-19.9853],[-54.0982,-20.6554]]},"properties":{"id":127,"group":"trails","name":null}},{"type":"Feature","geometry":{"type":"LineString","coordinates":[[-52.988,16.1058],[-53.7459,16.4977],[-53.2694,17.2984],[-53.8252,17.3043],[-54.444,17.535]]},"properties":{"id":128,"group":"trails","name":"The Breezy Cardamedoran trail"}},{"type":"Feature","geometry":{"type":"LineString","coordinates":[[-53.0166,-20.8127],[-51.727,-21.5894]]},"properties":{"id":129,"group":"trails","name":null}},{"type":"Feature","geometry":{"type":"LineString","coordinates":[[-55.2805,-20.8419],[-55.7667,-20.2849],[-56.6013,-20.0002]]},"properties":{"id":130,"group":"trails","name":null}},{"type":"Feature","geometry":{"type":"LineString","coordinates":[[-57.2604,-20.4565],[-56.6013,-20.0002]]},"properties":{"id":131,"group":"trails","name":null}},{"type":"Feature","geometry":{"type":"LineString","coordinates":[[-55.4235,15.7035],[-56.0482,16.3658],[-56.2952,16.5412]]},"properties":{"id":132,"group":"trails","name":null}},{"type":"Feature","geometry":{"type":"LineString","coordinates":[[-53.0166,-20.8127],[-54.0982,-20.6554]]},"properties":{"id":133,"group":"trails","name":null}},{"type":"Feature","geometry":{"type":"LineString","coordinates":[[-55.4235,15.7035],[-54.7118,15.9173],[-53.7459,16.4977]]},"properties":{"id":134,"group":"trails","name":null}},{"type":"Feature","geometry":{"type":"LineString","coordinates":[[-59.0687,15.8828],[-58.2406,15.9595]]},"properties":{"id":135,"group":"trails","name":null}},{"type":"Feature","geometry":{"type":"LineString","coordinates":[[-57.2604,-20.4565],[-58.2718,-20.1484]]},"properties":{"id":136,"group":"trails","name":null}},{"type":"Feature","geometry":{"type":"LineString","coordinates":[[-59.0687,15.8828],[-59.6401,16.0726],[-60.0853,16.5172],[-59.2728,17.2471]]},"properties":{"id":137,"group":"trails","name":"Flame pass"}},{"type":"Feature","geometry":{"type":"LineString","coordinates":[[-60.8211,15.6599],[-59.9287,14.4263],[-59.356,15.0165],[-59.0687,15.8828]]},"properties":{"id":138,"group":"trails","name":"Millan trail"}},{"type":"Feature","geometry":{"type":"LineString","coordinates":[[-50.8228,-20.9862],[-51.727,-21.5894]]},"properties":{"id":139,"group":"trails","name":null}},{"type":"Feature","geometry":{"type":"LineString","coordinates":[[-51.3994,-22.8769],[-50.7578,-22.5142],[-51.727,-21.5894]]},"properties":{"id":140,"group":"trails","name":null}},{"type":"Feature","geometry":{"type":"LineString","coordinates":[[-47.9518,-21.9137],[-48.3457,-22.2224],[-49.101,-22.368]]},"properties":{"id":141,"group":"trails","name":null}},{"type":"Feature","geometry":{"type":"LineString","coordinates":[[-47.3434,-20.9193],[-47.9518,-21.9137]]},"properties":{"id":142,"group":"trails","name":null}},{"type":"Feature","geometry":{"type":"LineString","coordinates":[[-56.9289,-22.5266],[-57.6829,-22.2803],[-57.9631,-21.9169],[-57.9832,-21.4626],[-57.2604,-20.4565]]},"properties":{"id":143,"group":"trails","name":"Fuendievilese trail"}},{"type":"Feature","geometry":{"type":"LineString","coordinates":[[-51.3994,-22.8769],[-50.932,-23.5594]]},"properties":{"id":144,"group":"trails","name":null}},{"type":"Feature","geometry":{"type":"LineString","coordinates":[[-49.6671,-23.2604],[-49.101,-22.368]]},"properties":{"id":145,"group":"trails","name":null}},{"type":"Feature","geometry":{"type":"LineString","coordinates":[[-59.0798,-21.4093],[-59.8364,-20.3311],[-60.5312,-19.3535],[-60.6671,-18.8687],[-61.072,-17.8515],[-61.217,-16.5744]]},"properties":{"id":146,"group":"trails","name":"Viesian pass"}},{"type":"Feature","geometry":{"type":"LineString","coordinates":[[-60.9037,-21.3976],[-60.4701,-20.9355],[-59.8364,-20.3311]]},"properties":{"id":147,"group":"trails","name":null}},{"type":"Feature","geometry":{"type":"LineString","coordinates":[[-60.0853,16.5172],[-60.9856,16.9449],[-61.3353,17.0508],[-61.7578,17.522],[-62.2654,18.4196]]},"properties":{"id":148,"group":"trails","name":"Negralan path"}},{"type":"Feature","geometry":{"type":"LineString","coordinates":[[-60.8211,15.6599],[-60.0853,16.5172]]},"properties":{"id":149,"group":"trails","name":null}},{"type":"Feature","geometry":{"type":"LineString","coordinates":[[-54.4576,-22.277],[-55.5763,-22.3531],[-56.9289,-22.5266],[-57.1207,-22.9861],[-57.694,-23.7426],[-58.3284,-23.8642],[-58.5169,-23.3774],[-59.007,-23.2487]]},"properties":{"id":150,"group":"trails","name":"Amethyst trail"}},{"type":"Feature","geometry":{"type":"LineString","coordinates":[[-55.7869,17.5298],[-54.444,17.535]]},"properties":{"id":151,"group":"trails","name":null}},{"type":"Feature","geometry":{"type":"LineString","coordinates":[[-56.9218,18.6061],[-55.7901,18.4703]]},"properties":{"id":152,"group":"trails","name":null}},{"type":"Feature","geometry":{"type":"LineString","coordinates":[[-59.434,18.7426],[-59.2728,17.2471]]},"properties":{"id":153,"group":"trails","name":null}},{"type":"Feature","geometry":{"type":"LineString","coordinates":[[-56.3322,-23.1388],[-55.8779,-23.2721],[-55.4794,-23.8824]]},"properties":{"id":154,"group":"trails","name":null}},{"type":"Feature","geometry":{"type":"LineString","coordinates":[[-49.6671,-23.2604],[-50.932,-23.5594]]},"properties":{"id":155,"group":"trails","name":null}},{"type":"Feature","geometry":{"type":"LineString","coordinates":[[-49.6671,-23.2604],[-49.5456,-24.2158],[-49.3876,-24.5239],[-49.855,-24.7046],[-50.3191,-24.8872],[-50.388,-24.4381],[-50.4543,-23.9916],[-50.932,-23.5594]]},"properties":{"id":156,"group":"trails","name":"Baifuencan track"}},{"type":"Feature","geometry":{"type":"LineString","coordinates":[[-59.4763,-23.3098],[-59.5146,-22.4148],[-59.0798,-21.4093]]},"properties":{"id":157,"group":"trails","name":null}},{"type":"Feature","geometry":{"type":"LineString","coordinates":[[-59.434,18.7426],[-58.4441,19.1365],[-57.5022,19.0254],[-56.9218,18.6061]]},"properties":{"id":158,"group":"trails","name":"Mifuencan trail"}},{"type":"Feature","geometry":{"type":"LineString","coordinates":[[-54.7755,-24.5616],[-54.7846,-23.9708],[-55.4794,-23.8824]]},"properties":{"id":159,"group":"trails","name":null}},{"type":"Feature","geometry":{"type":"LineString","coordinates":[[-53.8687,-24.5414],[-54.2041,-24.5447],[-54.7755,-24.5616],[-54.7865,-25.116]]},"properties":{"id":160,"group":"trails","name":"Sejas trail"}},{"type":"Feature","geometry":{"type":"LineString","coordinates":[[-57.382,-24.2691],[-57.694,-23.7426]]},"properties":{"id":161,"group":"trails","name":null}},{"type":"Feature","geometry":{"type":"LineString","coordinates":[[-49.3876,-24.5239],[-49.1341,-25.1361]]},"properties":{"id":162,"group":"trails","name":null}},{"type":"Feature","geometry":{"type":"LineString","coordinates":[[-56.3322,-23.1388],[-56.9289,-22.5266]]},"properties":{"id":163,"group":"trails","name":null}},{"type":"Feature","geometry":{"type":"LineString","coordinates":[[-58.0125,-24.3926],[-58.3284,-23.8642]]},"properties":{"id":164,"group":"trails","name":null}},{"type":"Feature","geometry":{"type":"LineString","coordinates":[[-61.7903,18.8973],[-62.2654,18.4196]]},"properties":{"id":165,"group":"trails","name":null}},{"type":"Feature","geometry":{"type":"LineString","coordinates":[[-60.8322,19.6259],[-61.7903,18.8973]]},"properties":{"id":166,"group":"trails","name":null}},{"type":"Feature","geometry":{"type":"LineString","coordinates":[[-59.434,18.7426],[-59.553,19.4147],[-60.8322,19.6259]]},"properties":{"id":167,"group":"trails","name":null}},{"type":"Feature","geometry":{"type":"LineString","coordinates":[[-57.382,-24.2691],[-58.0125,-24.3926],[-58.4629,-24.7377],[-59.0265,-24.6006],[-59.5731,-24.4985],[-59.5335,-25.2245],[-59.761,-25.205]]},"properties":{"id":168,"group":"trails","name":"Galihuecan pass"}},{"type":"Feature","geometry":{"type":"LineString","coordinates":[[-58.4629,-24.7377],[-58.422,-25.4195]]},"properties":{"id":169,"group":"trails","name":null}},{"type":"Feature","geometry":{"type":"LineString","coordinates":[[-59.5146,-22.4148],[-60.9037,-21.3976]]},"properties":{"id":170,"group":"trails","name":null}},{"type":"Feature","geometry":{"type":"LineString","coordinates":[[-59.0265,-24.6006],[-59.5335,-25.2245]]},"properties":{"id":171,"group":"trails","name":null}},{"type":"Feature","geometry":{"type":"LineString","coordinates":[[-59.4711,-25.9869],[-59.5335,-25.2245]]},"properties":{"id":172,"group":"trails","name":null}},{"type":"Feature","geometry":{"type":"LineString","coordinates":[[-33.538,16.2143],[-33.1454,15.2829],[-32.7918,15.0678]]},"properties":{"id":173,"group":"trails","name":null}},{"type":"Feature","geometry":{"type":"LineString","coordinates":[[-33.2572,12.9555],[-34.0184,13.5534]]},"properties":{"id":174,"group":"trails","name":null}},{"type":"Feature","geometry":{"type":"LineString","coordinates":[[-34.2426,15.9485],[-33.538,16.2143],[-33.8819,16.7395],[-34.19,17.7008],[-34.4396,18.2779],[-34.2556,19.0332],[-33.7311,18.8824],[-32.9758,18.9909],[-32.2855,18.8999],[-31.4509,19.1209]]},"properties":{"id":175,"group":"trails","name":"The Misty Guigny trail"}},{"type":"Feature","geometry":{"type":"LineString","coordinates":[[-36.2524,15.0477],[-34.9349,14.8371],[-34.5384,15.2426],[-34.2426,15.9485]]},"properties":{"id":176,"group":"trails","name":"Campilgar track"}},{"type":"Feature","geometry":{"type":"LineString","coordinates":[[-31.2104,14.375],[-30.641,14.6798],[-29.7011,15.344],[-29.0075,15.7964],[-28.7423,14.9976],[-28.3491,14.2385],[-28.6149,13.1687]]},"properties":{"id":177,"group":"trails","name":"Parguillan pass"}},{"type":"Feature","geometry":{"type":"LineString","coordinates":[[-34.8953,13.2804],[-34.0184,13.5534]]},"properties":{"id":178,"group":"trails","name":null}},{"type":"Feature","geometry":{"type":"LineString","coordinates":[[-33.2572,12.9555],[-34.3408,12.171],[-34.6788,11.9409],[-35.5582,12.1482],[-36.9746,12.1898],[-37.5609,11.846]]},"properties":{"id":179,"group":"trails","name":"Ugerianazan track"}},{"type":"Feature","geometry":{"type":"LineString","coordinates":[[-30.6722,13.4683],[-31.2104,14.375]]},"properties":{"id":180,"group":"trails","name":null}},{"type":"Feature","geometry":{"type":"LineString","coordinates":[[-35.5582,12.1482],[-35.388,12.7104],[-34.8953,13.2804],[-35.3138,13.6626],[-35.6232,14.0181],[-36.2524,15.0477],[-36.8491,15.1634],[-37.3269,15.7269],[-37.4796,16.3268],[-38.3259,17.1587],[-38.4195,18.0121],[-37.7292,19.1267]]},"properties":{"id":181,"group":"trails","name":"Forest pass"}},{"type":"Feature","geometry":{"type":"LineString","coordinates":[[-30.8886,12.8684],[-32.0963,12.91],[-33.2572,12.9555]]},"properties":{"id":182,"group":"trails","name":null}},{"type":"Feature","geometry":{"type":"LineString","coordinates":[[-31.2942,15.8269],[-30.641,14.6798]]},"properties":{"id":183,"group":"trails","name":null}},{"type":"Feature","geometry":{"type":"LineString","coordinates":[[-34.9329,18.9292],[-34.2556,19.0332]]},"properties":{"id":184,"group":"trails","name":null}},{"type":"Feature","geometry":{"type":"LineString","coordinates":[[-36.8491,15.1634],[-37.451,13.9174]]},"properties":{"id":185,"group":"trails","name":null}},{"type":"Feature","geometry":{"type":"LineString","coordinates":[[-30.0696,13.4826],[-30.6722,13.4683],[-30.9549,13.2265],[-30.8886,12.8684],[-30.836,12.2646],[-30.9478,11.7225],[-31.3358,11.3832],[-31.85,11.0882]]},"properties":{"id":186,"group":"trails","name":"Estecadian trail"}},{"type":"Feature","geometry":{"type":"LineString","coordinates":[[-35.0961,10.9263],[-34.6788,11.9409]]},"properties":{"id":187,"group":"trails","name":null}},{"type":"Feature","geometry":{"type":"LineString","coordinates":[[-32.37,10.7931],[-31.85,11.0882]]},"properties":{"id":188,"group":"trails","name":null}},{"type":"Feature","geometry":{"type":"LineString","coordinates":[[-34.9329,18.9292],[-35.4867,19.2301],[-36.1978,19.0721],[-37.1117,19.3016],[-37.7292,19.1267]]},"properties":{"id":189,"group":"trails","name":"Huranan trail"}},{"type":"Feature","geometry":{"type":"LineString","coordinates":[[-29.6868,13.3116],[-29.2435,13.4215],[-28.6149,13.1687]]},"properties":{"id":190,"group":"trails","name":null}},{"type":"Feature","geometry":{"type":"LineString","coordinates":[[-30.0696,13.4826],[-29.6868,13.3116]]},"properties":{"id":191,"group":"trails","name":null}},{"type":"Feature","geometry":{"type":"LineString","coordinates":[[-33.2748,10.8646],[-33.4412,11.5581],[-33.8845,11.2117],[-34.3232,10.8607],[-34.5943,10.8854],[-35.0961,10.9263],[-35.6661,10.9393],[-36.192,10.7567]]},"properties":{"id":192,"group":"trails","name":"Hutantarralese trail"}},{"type":"Feature","geometry":{"type":"LineString","coordinates":[[-33.2748,10.8646],[-32.37,10.7931]]},"properties":{"id":193,"group":"trails","name":null}},{"type":"Feature","geometry":{"type":"LineString","coordinates":[[-36.9746,12.1898],[-37.4088,12.8879],[-37.451,13.9174]]},"properties":{"id":194,"group":"trails","name":null}},{"type":"Feature","geometry":{"type":"LineString","coordinates":[[-29.0075,15.7964],[-28.2945,16.1766]]},"properties":{"id":195,"group":"trails","name":null}},{"type":"Feature","geometry":{"type":"LineString","coordinates":[[-38.3259,17.1587],[-39.5323,17.5604]]},"properties":{"id":196,"group":"trails","name":null}},{"type":"Feature","geometry":{"type":"LineString","coordinates":[[-40.0738,14.0682],[-38.6327,13.9297],[-37.451,13.9174]]},"properties":{"id":197,"group":"trails","name":null}},{"type":"Feature","geometry":{"type":"LineString","coordinates":[[-27.8369,15.9491],[-26.9763,16.2267],[-25.5996,16.4106]]},"properties":{"id":198,"group":"trails","name":null}},{"type":"Feature","geometry":{"type":"LineString","coordinates":[[-27.4053,17.4356],[-26.9763,16.2267]]},"properties":{"id":199,"group":"trails","name":null}},{"type":"Feature","geometry":{"type":"LineString","coordinates":[[-27.8369,15.9491],[-28.2945,16.1766]]},"properties":{"id":200,"group":"trails","name":null}},{"type":"Feature","geometry":{"type":"LineString","coordinates":[[-25.2343,15.2296],[-25.3045,15.8783],[-25.5996,16.4106]]},"properties":{"id":201,"group":"trails","name":null}},{"type":"Feature","geometry":{"type":"LineString","coordinates":[[-38.2876,12.1281],[-37.5609,11.846],[-38.5898,10.7723]]},"properties":{"id":202,"group":"trails","name":null}},{"type":"Feature","geometry":{"type":"LineString","coordinates":[[-27.4053,17.4356],[-27.1901,18.0563],[-26.7046,18.5554]]},"properties":{"id":203,"group":"trails","name":null}},{"type":"Feature","geometry":{"type":"LineString","coordinates":[[-39.7884,16.8175],[-39.5323,17.5604]]},"properties":{"id":204,"group":"trails","name":null}},{"type":"Feature","geometry":{"type":"LineString","coordinates":[[-40.0738,14.0682],[-40.0731,14.6707],[-40.352,15.281],[-40.1739,16.2117],[-39.7884,16.8175]]},"properties":{"id":205,"group":"trails","name":"Nutantumanese trail"}},{"type":"Feature","geometry":{"type":"LineString","coordinates":[[-43.2919,18.6451],[-43.303,17.9321],[-42.9812,17.3777],[-42.6667,17.0216],[-42.2851,16.9722],[-41.9269,17.1203],[-40.9812,17.4317],[-40.2168,17.3225],[-39.5323,17.5604]]},"properties":{"id":206,"group":"trails","name":"Amurtolias trail"}},{"type":"Feature","geometry":{"type":"LineString","coordinates":[[10.2121,6.5307],[10.4111,5.6312]]},"properties":{"id":207,"group":"trails","name":null}},{"type":"Feature","geometry":{"type":"LineString","coordinates":[[9.0519,6.3461],[10.2121,6.5307],[10.831,7.0916],[11.1566,7.8813]]},"properties":{"id":208,"group":"trails","name":"The Great Bacsian trail"}},{"type":"Feature","geometry":{"type":"LineString","coordinates":[[9.0623,5.6149],[9.0519,6.3461],[8.9297,7.8631],[9.5225,8.4474],[10.3519,8.6392],[10.6386,8.2115],[11.1566,7.8813]]},"properties":{"id":209,"group":"trails","name":"Bacsian trail"}},{"type":"Feature","geometry":{"type":"LineString","coordinates":[[7.6875,7.0357],[7.9085,6.9161],[9.0519,6.3461]]},"properties":{"id":210,"group":"trails","name":null}},{"type":"Feature","geometry":{"type":"LineString","coordinates":[[8.5689,7.8527],[8.9297,7.8631]]},"properties":{"id":211,"group":"trails","name":null}},{"type":"Feature","geometry":{"type":"LineString","coordinates":[[8.5689,7.8527],[7.9612,8.1829],[7.6707,8.7626],[7.9196,9.5205],[7.9996,9.9189],[7.4763,11.2448]]},"properties":{"id":212,"group":"trails","name":"Baldonyhazan trail"}},{"type":"Feature","geometry":{"type":"LineString","coordinates":[[7.6875,7.0357],[6.4909,6.3715]]},"properties":{"id":213,"group":"trails","name":null}},{"type":"Feature","geometry":{"type":"LineString","coordinates":[[7.6875,7.0357],[7.6037,7.659],[7.9612,8.1829]]},"properties":{"id":214,"group":"trails","name":null}},{"type":"Feature","geometry":{"type":"LineString","coordinates":[[6.1945,5.1346],[6.4909,6.3715]]},"properties":{"id":215,"group":"trails","name":null}},{"type":"Feature","geometry":{"type":"LineString","coordinates":[[13.5428,6.6412],[13.1625,6.2785],[12.7179,6.0101],[12.142,5.9341]]},"properties":{"id":216,"group":"trails","name":"Turkadian trail"}},{"type":"Feature","geometry":{"type":"LineString","coordinates":[[4.225,6.9467],[5.566,6.6029],[6.4909,6.3715]]},"properties":{"id":217,"group":"trails","name":null}},{"type":"Feature","geometry":{"type":"LineString","coordinates":[[6.0457,8.6652],[5.7733,8.8504],[4.9751,9.0194],[4.4317,8.71],[3.5347,8.671],[3.8266,7.182],[3.1408,6.5333]]},"properties":{"id":218,"group":"trails","name":"Desenyenying track"}},{"type":"Feature","geometry":{"type":"LineString","coordinates":[[6.0457,8.6652],[7.6707,8.7626]]},"properties":{"id":219,"group":"trails","name":null}},{"type":"Feature","geometry":{"type":"LineString","coordinates":[[3.9286,4.809],[3.5841,4.2318],[2.7475,4.3287]]},"properties":{"id":220,"group":"trails","name":null}},{"type":"Feature","geometry":{"type":"LineString","coordinates":[[4.225,6.9467],[3.8266,7.182]]},"properties":{"id":221,"group":"trails","name":null}},{"type":"Feature","geometry":{"type":"LineString","coordinates":[[15.2334,10.9666],[15.0157,10.474],[15.1196,9.9884],[15.4297,9.5556]]},"properties":{"id":222,"group":"trails","name":"Panherespok track"}},{"type":"Feature","geometry":{"type":"LineString","coordinates":[[13.5428,6.6412],[14.196,6.545],[14.6146,6.2967],[14.8012,5.897],[15.0826,5.4206],[15.613,5.1216],[16.1369,4.9403],[16.64,4.9981],[17.1444,5.041],[17.6735,4.8226],[18.1942,4.484],[18.8721,4.3202],[19.4864,3.992],[20.2286,4.0447],[20.863,3.6735],[21.1946,3.2075],[21.3629,2.9183],[21.9765,2.5868],[22.5914,2.2579],[23.1465,1.7484],[23.6977,1.2375],[23.946,0.793],[24.1982,0.349],[24.2515,-0.169],[24.3022,-0.6915],[24.2619,-1.5664],[23.3519,-2.0161],[23.972,-2.3463],[24.5967,-2.6706]]},"properties":{"id":223,"group":"trails","name":"Jasztokolmas trail"}},{"type":"Feature","geometry":{"type":"LineString","coordinates":[[4.9751,9.0194],[5.2598,9.4984],[5.2877,9.9241],[4.6651,11.1928],[4.8912,12.3465],[5.122,12.8996],[5.5153,13.2622],[5.6225,13.5814],[6.0821,14.2255],[6.7633,15.1432],[6.81,15.6125],[7.2248,16.2033],[7.1935,17.1112],[7.1747,18.1239],[8.0353,18.4313],[8.7587,18.2227],[9.8065,18.2857],[9.7838,19.351],[11.0396,19.4199],[11.6649,19.6155],[12.976,19.4667],[14.6179,19.2307],[13.2613,18.8473],[13.1768,18.5112],[12.8408,17.7014],[12.3825,16.8851],[12.1491,16.3528],[12.3149,15.8133],[12.8226,15.6001],[13.5167,15.6021],[14.2006,15.2855],[14.6211,15.2901],[15.4667,15.89],[16.408,15.8835]]},"properties":{"id":224,"group":"trails","name":"Kiszal pass"}},{"type":"Feature","geometry":{"type":"LineString","coordinates":[[2.5103,5.1372],[2.4609,5.6169],[3.1408,6.5333]]},"properties":{"id":225,"group":"trails","name":null}},{"type":"Feature","geometry":{"type":"LineString","coordinates":[[3.7174,11.0147],[4.6651,11.1928]]},"properties":{"id":226,"group":"trails","name":null}},{"type":"Feature","geometry":{"type":"LineString","coordinates":[[4.8912,12.3465],[5.7102,11.6686],[6.2368,11.5951],[6.7437,11.2864],[7.4763,11.2448]]},"properties":{"id":227,"group":"trails","name":"Baldonyhazan trail"}},{"type":"Feature","geometry":{"type":"LineString","coordinates":[[3.7174,11.0147],[3.2643,11.5477],[3.2221,12.2665],[3.5146,12.0897],[4.8912,12.3465]]},"properties":{"id":228,"group":"trails","name":"Herevizteresz pass"}},{"type":"Feature","geometry":{"type":"LineString","coordinates":[[3.5347,8.671],[2.9217,9.4054],[2.1067,9.6719],[1.7933,10.1587],[2,11.0771],[3.2643,11.5477]]},"properties":{"id":229,"group":"trails","name":"Begyhalomlan trail"}},{"type":"Feature","geometry":{"type":"LineString","coordinates":[[0.9237,9.2917],[1.7933,10.1587]]},"properties":{"id":230,"group":"trails","name":null}},{"type":"Feature","geometry":{"type":"LineString","coordinates":[[0.2762,5.4602],[1.2714,6.3494]]},"properties":{"id":231,"group":"trails","name":null}},{"type":"Feature","geometry":{"type":"LineString","coordinates":[[1.066,11.2487],[2,11.0771]]},"properties":{"id":232,"group":"trails","name":null}},{"type":"Feature","geometry":{"type":"LineString","coordinates":[[15.2334,10.9666],[15.9354,11.0297],[17.0716,11.1304],[17.55,10.1171],[17.9823,9.826],[18.5139,9.5465],[19.2263,9.525],[20.2566,9.0525],[20.5478,8.9791]]},"properties":{"id":233,"group":"trails","name":"Bicszanykan trail"}},{"type":"Feature","geometry":{"type":"LineString","coordinates":[[-0.6091,5.7618],[-0.676,5.2841],[-0.7403,4.8031]]},"properties":{"id":234,"group":"trails","name":null}},{"type":"Feature","geometry":{"type":"LineString","coordinates":[[18.6251,12.3094],[18.2851,11.8558],[17.8334,11.2981],[17.0716,11.1304]]},"properties":{"id":235,"group":"trails","name":"Raloklatorant path"}},{"type":"Feature","geometry":{"type":"LineString","coordinates":[[18.6251,12.3094],[19.1009,12.8892],[19.526,12.5116],[19.7164,11.9838],[20.2618,11.3611]]},"properties":{"id":236,"group":"trails","name":"Dragon path"}},{"type":"Feature","geometry":{"type":"LineString","coordinates":[[16.1278,14.0077],[16.6186,13.3688],[17.1632,13.0933],[18.6251,12.3094]]},"properties":{"id":237,"group":"trails","name":"Felgish pass"}},{"type":"Feature","geometry":{"type":"LineString","coordinates":[[21.1621,4.7239],[20.2286,4.0447]]},"properties":{"id":238,"group":"trails","name":null}},{"type":"Feature","geometry":{"type":"LineString","coordinates":[[1.066,11.2487],[0.4394,11.0446],[-0.9243,11.7154]]},"properties":{"id":239,"group":"trails","name":null}},{"type":"Feature","geometry":{"type":"LineString","coordinates":[[-1.1635,5.7976],[-1.5204,6.7673],[-2.444,7.1956],[-2.3653,8.7087]]},"properties":{"id":240,"group":"trails","name":"Kokoetean pass"}},{"type":"Feature","geometry":{"type":"LineString","coordinates":[[21.6495,9.5946],[20.5478,8.9791]]},"properties":{"id":241,"group":"trails","name":null}},{"type":"Feature","geometry":{"type":"LineString","coordinates":[[21.1621,4.7239],[22.2501,4.9214]]},"properties":{"id":242,"group":"trails","name":null}},{"type":"Feature","geometry":{"type":"LineString","coordinates":[[7.1747,18.1239],[6.1139,18.6523],[6.5195,19.167]]},"properties":{"id":243,"group":"trails","name":null}},{"type":"Feature","geometry":{"type":"LineString","coordinates":[[22.7123,11.7739],[22.3385,11.3299],[21.8725,11.1473],[20.8637,10.303]]},"properties":{"id":244,"group":"trails","name":"Bagyoujdunan trail"}},{"type":"Feature","geometry":{"type":"LineString","coordinates":[[1.8973,16.2871],[1.12,16.3027],[0.6597,17.3881],[0.3952,18.5346],[0.6793,19.5798],[2.0462,18.8492]]},"properties":{"id":245,"group":"trails","name":"Cherev trail"}},{"type":"Feature","geometry":{"type":"LineString","coordinates":[[3.2221,12.2665],[3.1323,13.0978],[2.782,13.5378],[2.2055,13.9284],[1.9415,14.5069],[1.6744,15.3941],[1.8973,16.2871],[2.3582,16.7421],[2.5694,17.4245],[2.7014,18.5249],[3.6108,18.3657],[4.3088,18.6432],[4.9881,19.6175],[5.772,19.3347],[6.1139,18.6523]]},"properties":{"id":246,"group":"trails","name":"Veszlalacalkan trail"}},{"type":"Feature","geometry":{"type":"LineString","coordinates":[[-3.7915,8.8205],[-3.0778,9.0142],[-2.3653,8.7087]]},"properties":{"id":247,"group":"trails","name":null}},{"type":"Feature","geometry":{"type":"LineString","coordinates":[[-3.7271,6.8004],[-3.7999,7.2268],[-3.2974,7.3685],[-2.444,7.1956]]},"properties":{"id":248,"group":"trails","name":"The Silent Chersunese trail"}},{"type":"Feature","geometry":{"type":"LineString","coordinates":[[16.1278,14.0077],[16.3813,14.6518],[16.5574,15.5267],[16.8838,16.0447],[17.3193,16.4301],[17.9992,16.8714],[18.5003,17.7872]]},"properties":{"id":249,"group":"trails","name":"Deresz path"}},{"type":"Feature","geometry":{"type":"LineString","coordinates":[[-3.2974,7.3685],[-3.7915,8.8205],[-4.0534,9.4347],[-4.2419,9.8773],[-5.0739,10.4668],[-5.1707,10.9413],[-4.9303,11.7264]]},"properties":{"id":250,"group":"trails","name":"Zhigovan path"}},{"type":"Feature","geometry":{"type":"LineString","coordinates":[[-3.7271,6.8004],[-4.539,6.0251],[-4.9452,5.8106],[-5.6654,5.2061]]},"properties":{"id":251,"group":"trails","name":"Izhets trail"}},{"type":"Feature","geometry":{"type":"LineString","coordinates":[[-3.33,10.9647],[-2.4641,11.3793],[-2.0202,11.3449],[-0.9243,11.7154]]},"properties":{"id":252,"group":"trails","name":"Hobevan trail"}},{"type":"Feature","geometry":{"type":"LineString","coordinates":[[2.7014,18.5249],[2.0462,18.8492]]},"properties":{"id":253,"group":"trails","name":null}},{"type":"Feature","geometry":{"type":"LineString","coordinates":[[-2.4498,5.1762],[-3.0134,5.5844],[-3.6686,5.6338],[-4.539,6.0251]]},"properties":{"id":254,"group":"trails","name":"Statan track"}},{"type":"Feature","geometry":{"type":"LineString","coordinates":[[-3.33,10.9647],[-4.0846,11.3156],[-4.3738,11.7232],[-4.5292,13.0062],[-4.2926,14.011],[-4.2185,14.4926],[-4.1035,14.9944],[-4.2562,15.4558],[-4.3524,16.2949],[-4.5409,16.9624],[-4.3985,17.6663]]},"properties":{"id":255,"group":"trails","name":"Pelyezoty trail"}},{"type":"Feature","geometry":{"type":"LineString","coordinates":[[23.0042,13.957],[22.8065,13.0075],[22.7123,11.7739]]},"properties":{"id":256,"group":"trails","name":null}},{"type":"Feature","geometry":{"type":"LineString","coordinates":[[-4.3738,11.7232],[-4.9303,11.7264]]},"properties":{"id":257,"group":"trails","name":null}},{"type":"Feature","geometry":{"type":"LineString","coordinates":[[21.9206,3.9056],[21.1946,3.2075]]},"properties":{"id":258,"group":"trails","name":null}},{"type":"Feature","geometry":{"type":"LineString","coordinates":[[22.4529,6.8693],[22.5427,5.767],[22.2501,4.9214]]},"properties":{"id":259,"group":"trails","name":null}},{"type":"Feature","geometry":{"type":"LineString","coordinates":[[28.0527,11.4053],[27.3234,12.195],[26.1449,12.5714],[25.5905,12.6604],[24.8086,12.4498],[24.2268,12.5817],[23.6711,12.3647],[22.7123,11.7739]]},"properties":{"id":260,"group":"trails","name":"Tunajian trail"}},{"type":"Feature","geometry":{"type":"LineString","coordinates":[[1.6744,15.3941],[1.12,16.3027]]},"properties":{"id":261,"group":"trails","name":null}},{"type":"Feature","geometry":{"type":"LineString","coordinates":[[-1.0036,18.5996],[0.3952,18.5346]]},"properties":{"id":262,"group":"trails","name":null}},{"type":"Feature","geometry":{"type":"LineString","coordinates":[[-8.5703,4.1701],[-7.6498,3.8256],[-7.1305,3.9745],[-6.6261,4.5269],[-5.9624,4.7239],[-5.6654,5.2061]]},"properties":{"id":263,"group":"trails","name":"Wraith trail"}},{"type":"Feature","geometry":{"type":"LineString","coordinates":[[26.5083,2.4276],[25.8888,2.7123],[25.1394,2.8949],[24.4004,2.6882],[23.8999,2.7051],[23.2655,2.3307],[22.5914,2.2579]]},"properties":{"id":264,"group":"trails","name":"Nahotan trail"}},{"type":"Feature","geometry":{"type":"LineString","coordinates":[[21.9765,2.5868],[21.9206,3.9056]]},"properties":{"id":265,"group":"trails","name":null}},{"type":"Feature","geometry":{"type":"LineString","coordinates":[[24.2619,-1.5664],[23.972,-2.3463]]},"properties":{"id":266,"group":"trails","name":null}},{"type":"Feature","geometry":{"type":"LineString","coordinates":[[20.605,19.6136],[19.5696,19.1196],[18.8305,18.2883],[18.5003,17.7872]]},"properties":{"id":267,"group":"trails","name":"Dereszan trail"}},{"type":"Feature","geometry":{"type":"LineString","coordinates":[[-7.6498,3.8256],[-7.477,2.9852],[-7.6765,2.3723]]},"properties":{"id":268,"group":"trails","name":null}},{"type":"Feature","geometry":{"type":"LineString","coordinates":[[-1.0036,18.5996],[-1.6322,18.664],[-2.2308,19.1111]]},"properties":{"id":269,"group":"trails","name":null}},{"type":"Feature","geometry":{"type":"LineString","coordinates":[[-3.4924,18.0758],[-4.3985,17.6663],[-4.5753,18.6035],[-4.7235,18.9844],[-5.3046,18.7394],[-6.4838,18.1128],[-7.4042,18.2883],[-7.813,18.0452],[-8.2017,17.485],[-8.6996,17.1749],[-9.18,16.8643],[-9.4692,16.8558]]},"properties":{"id":270,"group":"trails","name":"Rzharian trail"}},{"type":"Feature","geometry":{"type":"LineString","coordinates":[[25.5418,-2.6323],[24.5967,-2.6706]]},"properties":{"id":271,"group":"trails","name":null}},{"type":"Feature","geometry":{"type":"LineString","coordinates":[[26.5083,2.4276],[26.7553,2.0448],[26.7313,1.6509],[26.6494,1.2128],[26.6883,0.6298],[26.5636,0.338],[26.158,-0.5992],[25.9805,-1.4481],[25.5418,-2.6323],[25.2525,-3.1938],[25.2467,-3.7775],[25.4572,-4.2013],[25.87,-4.4261],[26.4901,-4.4547],[26.8535,-5.0156],[27.1713,-5.5473]]},"properties":{"id":272,"group":"trails","name":"Clitry trail"}},{"type":"Feature","geometry":{"type":"LineString","coordinates":[[-5.1707,10.9413],[-6.1009,11.2994],[-6.9745,11.5392],[-7.7038,11.7141],[-8.3259,11.5145],[-8.6047,11.0778],[-8.6281,10.0762]]},"properties":{"id":273,"group":"trails","name":"Star trail"}},{"type":"Feature","geometry":{"type":"LineString","coordinates":[[22.531,7.6928],[22.4529,6.8693]]},"properties":{"id":274,"group":"trails","name":null}},{"type":"Feature","geometry":{"type":"LineString","coordinates":[[21.918,16.5523],[21.5592,15.6443],[21.3648,14.8104],[21.9369,14.2385],[23.0042,13.957]]},"properties":{"id":275,"group":"trails","name":"The Cracked Kiszenthard path"}},{"type":"Feature","geometry":{"type":"LineString","coordinates":[[21.918,16.5523],[22.4614,16.8766],[22.9346,17.3537],[23.7971,17.6423],[24.1163,18.0192],[25.4644,18.5892],[26.2087,18.2409],[26.8892,18.4807],[27.5126,18.3156],[28.1197,18.2246],[28.7696,18.2201],[29.458,17.7885],[28.9952,16.5965],[29.3267,16.4048],[30.0625,16.8337]]},"properties":{"id":276,"group":"trails","name":"Evecsian trail"}},{"type":"Feature","geometry":{"type":"LineString","coordinates":[[20.605,19.6136],[21.125,18.7394],[21.3031,17.8021],[21.7425,17.158],[21.918,16.5523]]},"properties":{"id":277,"group":"trails","name":"Glimmering trail"}},{"type":"Feature","geometry":{"type":"LineString","coordinates":[[28.8867,3.4571],[28.472,2.6382],[27.69,2.2053],[26.7553,2.0448]]},"properties":{"id":278,"group":"trails","name":"Halorosz pass"}},{"type":"Feature","geometry":{"type":"LineString","coordinates":[[-8.5703,4.1701],[-9.0968,5.2334]]},"properties":{"id":279,"group":"trails","name":null}},{"type":"Feature","geometry":{"type":"LineString","coordinates":[[-3.4924,18.0758],[-2.7319,18.4631],[-2.2308,19.1111]]},"properties":{"id":280,"group":"trails","name":null}},{"type":"Feature","geometry":{"type":"LineString","coordinates":[[-9.8417,5.1873],[-9.0968,5.2334]]},"properties":{"id":281,"group":"trails","name":null}},{"type":"Feature","geometry":{"type":"LineString","coordinates":[[-8.5703,4.1701],[-9.594,4.1461],[-9.8417,5.1873],[-10.4533,5.4934],[-10.4305,6.2668],[-10.0938,6.7699],[-9.698,7.4029],[-9.4731,8.5228],[-9.0272,8.8374],[-8.6028,9.4873],[-8.6281,10.0762]]},"properties":{"id":282,"group":"trails","name":"Astral trail"}},{"type":"Feature","geometry":{"type":"LineString","coordinates":[[-10.1855,2.8208],[-9.594,4.1461]]},"properties":{"id":283,"group":"trails","name":null}},{"type":"Feature","geometry":{"type":"LineString","coordinates":[[-10.7835,4.1759],[-9.594,4.1461]]},"properties":{"id":284,"group":"trails","name":null}},{"type":"Feature","geometry":{"type":"LineString","coordinates":[[28.366,-1.6879],[28.9633,-1.0841],[29.5425,-1.7548],[30.0248,-2.2189],[29.419,-3.5403]]},"properties":{"id":285,"group":"trails","name":"Grantford trail"}},{"type":"Feature","geometry":{"type":"LineString","coordinates":[[26.158,-0.5992],[26.9029,-0.4673],[27.9156,-0.8105],[28.366,-1.6879],[28.6884,-2.4366],[28.6383,-3.3128],[29.419,-3.5403],[28.9172,-4.4723]]},"properties":{"id":286,"group":"trails","name":"Portstertonese track"}},{"type":"Feature","geometry":{"type":"LineString","coordinates":[[28.472,2.6382],[29.5763,1.9733],[31.0655,2.2202],[31.887,2.1949],[32.3148,1.506],[32.435,1.0204],[32.5559,0.531],[33.0109,0.3198]]},"properties":{"id":287,"group":"trails","name":"Kisanish track"}},{"type":"Feature","geometry":{"type":"LineString","coordinates":[[30.5318,0.9203],[29.9273,0.4875],[29.5035,-0.1235],[29.0817,-0.7364],[28.9633,-1.0841]]},"properties":{"id":288,"group":"trails","name":"Bunatorgesan trail"}},{"type":"Feature","geometry":{"type":"LineString","coordinates":[[-8.3259,11.5145],[-8.9511,12.026],[-9.791,12.2334],[-10.7796,12.3445],[-10.5118,13.3071],[-10.5371,13.7835],[-10.6594,14.5089],[-10.4182,15.3336],[-10.1069,15.7386],[-9.4692,16.8558]]},"properties":{"id":289,"group":"trails","name":"Rzharian trail"}},{"type":"Feature","geometry":{"type":"LineString","coordinates":[[-11.4134,4.9884],[-12.7374,6.0108],[-12.7309,6.5177],[-12.7517,7.3276],[-13.3803,8.3616]]},"properties":{"id":290,"group":"trails","name":"The Sacred Belzhetshian pass"}},{"type":"Feature","geometry":{"type":"LineString","coordinates":[[28.0527,11.4053],[28.3069,11.848],[29.0771,12.2496],[30.0638,12.2366],[30.901,13.0978],[30.7444,13.7023],[30.9816,14.5089]]},"properties":{"id":291,"group":"trails","name":"Szenyegyeszalese trail"}},{"type":"Feature","geometry":{"type":"LineString","coordinates":[[30.5318,0.9203],[31.0655,2.2202]]},"properties":{"id":292,"group":"trails","name":null}},{"type":"Feature","geometry":{"type":"LineString","coordinates":[[28.5428,-4.768],[28.9172,-4.4723],[29.9383,-4.9565]]},"properties":{"id":293,"group":"trails","name":null}},{"type":"Feature","geometry":{"type":"LineString","coordinates":[[29.3267,16.4048],[29.5165,15.9368],[29.4743,15.4389],[29.172,15.0464],[29.7979,14.748],[30.9816,14.5089]]},"properties":{"id":294,"group":"trails","name":"Szenyegyeszalese trail"}},{"type":"Feature","geometry":{"type":"LineString","coordinates":[[28.587,-6.0595],[28.0462,-6.2168],[26.8827,-6.1544],[27.1713,-5.5473]]},"properties":{"id":295,"group":"trails","name":"Clitry path"}},{"type":"Feature","geometry":{"type":"LineString","coordinates":[[-9.4731,8.5228],[-10.3291,8.4032],[-11.0097,8.1497],[-11.6941,8.2843],[-12.6087,8.6834],[-13.3803,8.3616]]},"properties":{"id":296,"group":"trails","name":"Belzhetshian track"}},{"type":"Feature","geometry":{"type":"LineString","coordinates":[[28.5428,-4.768],[28.587,-6.0595],[29.1194,-6.3987],[30.1048,-6.6503],[31.0355,-7.139],[31.1714,-7.5283],[31.5855,-8.1042],[31.6036,-8.3973],[32.37,-9.3853],[32.7854,-10.0105],[31.8325,-9.8181],[31.3723,-10.0814],[31.0551,-10.7528],[30.966,-11.5626],[30.392,-11.8453],[30.0625,-12.323],[29.9774,-13.0003],[29.6075,-13.3175],[29.2311,-13.6281],[28.9055,-14.4159],[28.7287,-15.1328],[28.86,-15.7158],[28.4876,-17.0033]]},"properties":{"id":297,"group":"trails","name":"The Breezy Preshilese trail"}},{"type":"Feature","geometry":{"type":"LineString","coordinates":[[-5.3046,18.7394],[-6.0333,19.3601],[-6.7541,19.4134],[-7.7291,19.5973],[-8.7152,19.6019],[-8.7691,18.6341],[-8.6996,17.1749]]},"properties":{"id":298,"group":"trails","name":"Radiant trail"}},{"type":"Feature","geometry":{"type":"LineString","coordinates":[[-13.2639,11.2766],[-13.5291,9.8507],[-13.2301,9.1962],[-12.6087,8.6834]]},"properties":{"id":299,"group":"trails","name":"Yunovgodok trail"}},{"type":"Feature","geometry":{"type":"LineString","coordinates":[[30.6904,17.1827],[30.9985,16.7362],[31.3047,16.2949],[31.2071,15.6437],[30.964,15.3284],[30.9816,14.5089]]},"properties":{"id":300,"group":"trails","name":"Crystalline trail"}},{"type":"Feature","geometry":{"type":"LineString","coordinates":[[-11.4524,2.6791],[-12.1544,2.9111],[-12.7582,3.4617]]},"properties":{"id":301,"group":"trails","name":null}},{"type":"Feature","geometry":{"type":"LineString","coordinates":[[-13.208,3.6469],[-12.7582,3.4617]]},"properties":{"id":302,"group":"trails","name":null}},{"type":"Feature","geometry":{"type":"LineString","coordinates":[[-13.2639,11.2766],[-12.3513,11.3527],[-11.6077,11.7628],[-10.7796,12.3445]]},"properties":{"id":303,"group":"trails","name":"Tigodisch trail"}},{"type":"Feature","geometry":{"type":"LineString","coordinates":[[-14.1707,5.0001],[-13.5564,5.0404],[-13.0208,5.3381],[-12.7374,6.0108]]},"properties":{"id":304,"group":"trails","name":"Vruchkan trail"}},{"type":"Feature","geometry":{"type":"LineString","coordinates":[[30.1048,-6.6503],[29.3963,-6.1869],[28.587,-6.0595]]},"properties":{"id":305,"group":"trails","name":null}},{"type":"Feature","geometry":{"type":"LineString","coordinates":[[28.0462,-6.2168],[28.3933,-7.1059]]},"properties":{"id":306,"group":"trails","name":null}},{"type":"Feature","geometry":{"type":"LineString","coordinates":[[32.6644,11.7284],[32.8399,12.2867],[32.6657,13.1979],[31.5088,13.1498],[30.901,13.0978]]},"properties":{"id":307,"group":"trails","name":"Ralimontifalese trail"}},{"type":"Feature","geometry":{"type":"LineString","coordinates":[[31.2585,-5.1866],[30.6573,-5.039],[29.9383,-4.9565]]},"properties":{"id":308,"group":"trails","name":null}},{"type":"Feature","geometry":{"type":"LineString","coordinates":[[34.1621,5.8931],[33.3704,5.8853],[32.784,5.4076],[32.5124,4.9058],[32.214,4.1467],[32.2498,3.3882],[31.9189,2.6954],[31.887,2.1949]]},"properties":{"id":309,"group":"trails","name":"Memodkert trail"}},{"type":"Feature","geometry":{"type":"LineString","coordinates":[[32.6644,11.7284],[33.1019,10.8438],[33.0597,9.865],[33.5023,9.3352],[34.2563,8.9635],[34.3869,8.6574],[34.8868,8.1939],[35.0786,7.5394],[34.9349,7.0052],[34.1621,5.8931]]},"properties":{"id":310,"group":"trails","name":"Fuzesvar trail"}},{"type":"Feature","geometry":{"type":"LineString","coordinates":[[-11.4393,18.3819],[-10.7647,18.0738],[-10.0588,17.6631],[-9.4692,16.8558]]},"properties":{"id":311,"group":"trails","name":"Rzharian path"}},{"type":"Feature","geometry":{"type":"LineString","coordinates":[[-14.1707,5.0001],[-14.9897,4.536],[-15.236,4.4132],[-15.5454,4.9981],[-16.0881,5.522],[-16.679,6.0589],[-17.0085,6.3994],[-17.4135,6.7751],[-17.5838,7.2086],[-17.966,7.8807],[-18.4925,8.2544],[-18.5419,8.7139],[-18.9377,9.6836]]},"properties":{"id":312,"group":"trails","name":"Morovskan pass"}},{"type":"Feature","geometry":{"type":"LineString","coordinates":[[-13.208,3.6469],[-13.7735,4.0889],[-14.1707,5.0001]]},"properties":{"id":313,"group":"trails","name":null}},{"type":"Feature","geometry":{"type":"LineString","coordinates":[[29.458,17.7885],[30.4356,19.5655]]},"properties":{"id":314,"group":"trails","name":null}},{"type":"Feature","geometry":{"type":"LineString","coordinates":[[31.8955,17.1223],[31.3047,16.2949]]},"properties":{"id":315,"group":"trails","name":null}},{"type":"Feature","geometry":{"type":"LineString","coordinates":[[-17.4895,9.2124],[-17.0248,8.968],[-16.5171,8.8731],[-16.1941,8.6697],[-15.5142,8.6879],[-14.8934,8.9355],[-14.3357,8.8348],[-13.3803,8.3616]]},"properties":{"id":316,"group":"trails","name":"Belzhetshian pass"}},{"type":"Feature","geometry":{"type":"LineString","coordinates":[[31.2585,-5.1866],[31.5705,-5.8365],[31.0355,-7.139]]},"properties":{"id":317,"group":"trails","name":null}},{"type":"Feature","geometry":{"type":"LineString","coordinates":[[31.8955,17.1223],[32.7307,16.835],[33.267,16.9897],[33.7773,17.0495],[34.242,16.9052],[34.8088,16.8649],[35.3938,16.7018],[35.7578,16.2657],[35.8254,15.8386],[35.568,15.0743]]},"properties":{"id":318,"group":"trails","name":"Taguilolis track"}},{"type":"Feature","geometry":{"type":"LineString","coordinates":[[34.3063,11.3351],[34.5248,11.6614],[35.5661,12.2847],[35.8306,11.5249]]},"properties":{"id":319,"group":"trails","name":"Mordiliszalas trail"}},{"type":"Feature","geometry":{"type":"LineString","coordinates":[[32.8399,12.2867],[34.3063,11.3351]]},"properties":{"id":320,"group":"trails","name":null}},{"type":"Feature","geometry":{"type":"LineString","coordinates":[[33.6817,14.9138],[33.4126,14.1943],[32.8783,13.6789],[32.6657,13.1979]]},"properties":{"id":321,"group":"trails","name":"Toroksalasz track"}},{"type":"Feature","geometry":{"type":"LineString","coordinates":[[34.8498,10.81],[35.8306,11.5249]]},"properties":{"id":322,"group":"trails","name":null}},{"type":"Feature","geometry":{"type":"LineString","coordinates":[[34.8277,10.4935],[34.8498,10.81],[34.3063,11.3351]]},"properties":{"id":323,"group":"trails","name":null}},{"type":"Feature","geometry":{"type":"LineString","coordinates":[[32.7567,-6.5814],[32.1685,-6.2135],[31.5705,-5.8365]]},"properties":{"id":324,"group":"trails","name":null}},{"type":"Feature","geometry":{"type":"LineString","coordinates":[[-13.2639,11.2766],[-13.3152,11.8174],[-13.3718,12.8788],[-13.0812,13.7881]]},"properties":{"id":325,"group":"trails","name":"The Serpentine Torodbesk trail"}},{"type":"Feature","geometry":{"type":"LineString","coordinates":[[-12.8576,19.0501],[-12.2882,18.5346],[-11.4393,18.3819]]},"properties":{"id":326,"group":"trails","name":null}},{"type":"Feature","geometry":{"type":"LineString","coordinates":[[26.3907,-13.1212],[25.9935,-13.6619],[25.5983,-14.2085],[25.6327,-14.5881],[25.402,-15.3063]]},"properties":{"id":327,"group":"trails","name":"Atbusean trail"}},{"type":"Feature","geometry":{"type":"LineString","coordinates":[[27.0796,-13.2148],[26.3907,-13.1212]]},"properties":{"id":328,"group":"trails","name":null}},{"type":"Feature","geometry":{"type":"LineString","coordinates":[[-10.7711,2.5517],[-11.4524,2.6791]]},"properties":{"id":329,"group":"trails","name":null}},{"type":"Feature","geometry":{"type":"LineString","coordinates":[[34.8277,10.4935],[34.5364,10.0248],[34.2563,8.9635]]},"properties":{"id":330,"group":"trails","name":null}},{"type":"Feature","geometry":{"type":"LineString","coordinates":[[31.8955,17.1223],[32.3908,15.8633],[32.8504,15.253],[33.6817,14.9138],[35.05,14.243],[35.2131,14.3925],[35.568,15.0743],[35.854,14.4354],[36.1368,13.8024]]},"properties":{"id":331,"group":"trails","name":"Royal trail"}},{"type":"Feature","geometry":{"type":"LineString","coordinates":[[34.5741,1.3032],[35.048,1.2713],[36.1147,1.6639],[36.7556,1.6645],[36.944,2.3008],[36.9076,3.3921],[37.2496,4.1798],[37.2853,4.6335],[37.6025,5.0235],[37.6792,5.4726],[38.0991,7.2411],[38.5853,7.0767],[39.1807,7.1937],[39.4264,6.6094],[39.414,5.936],[38.9929,5.0774]]},"properties":{"id":332,"group":"trails","name":"Wraith trail"}},{"type":"Feature","geometry":{"type":"LineString","coordinates":[[36.6711,6.0121],[35.8209,5.6689],[35.128,5.5733],[34.1621,5.8931]]},"properties":{"id":333,"group":"trails","name":"Fuzesvar pass"}},{"type":"Feature","geometry":{"type":"LineString","coordinates":[[32.8718,-8.3687],[31.5855,-8.1042]]},"properties":{"id":334,"group":"trails","name":null}},{"type":"Feature","geometry":{"type":"LineString","coordinates":[[-13.3152,11.8174],[-14.4339,12.1651],[-15.3959,12.325],[-15.8951,12.2418],[-16.7888,12.4082],[-17.6969,12.2886]]},"properties":{"id":335,"group":"trails","name":"Everlasting trail"}},{"type":"Feature","geometry":{"type":"LineString","coordinates":[[35.5661,12.2847],[35.139,12.791],[34.7107,13.2941],[34.762,13.8011],[35.05,14.243]]},"properties":{"id":336,"group":"trails","name":"Zircsegyhapolese trail"}},{"type":"Feature","geometry":{"type":"LineString","coordinates":[[-15.9295,15.836],[-14.8947,15.2706],[-14.5054,14.984],[-13.8873,14.0968],[-13.0812,13.7881]]},"properties":{"id":337,"group":"trails","name":"Torodbesk trail"}},{"type":"Feature","geometry":{"type":"LineString","coordinates":[[37.4673,7.4679],[36.4624,7.1722],[35.0786,7.5394]]},"properties":{"id":338,"group":"trails","name":null}},{"type":"Feature","geometry":{"type":"LineString","coordinates":[[29.9774,-13.0003],[29.484,-12.7734],[29.0407,-12.6571],[28.5929,-12.2736],[28.0891,-12.5031],[27.6789,-12.971],[27.0796,-13.2148]]},"properties":{"id":339,"group":"trails","name":"The Great Bramplean trail"}},{"type":"Feature","geometry":{"type":"LineString","coordinates":[[37.4673,7.4679],[36.8212,6.6627],[36.6711,6.0121],[37.6792,5.4726]]},"properties":{"id":340,"group":"trails","name":"The Sacred Susambat pass"}},{"type":"Feature","geometry":{"type":"LineString","coordinates":[[27.4969,-15.5734],[26.9152,-15.1009],[26.2132,-14.8897],[25.402,-15.3063]]},"properties":{"id":341,"group":"trails","name":"Atbusean trail"}},{"type":"Feature","geometry":{"type":"LineString","coordinates":[[34.5741,1.3032],[34.0015,1.1699],[33.4672,0.8905],[33.0109,0.3198]]},"properties":{"id":342,"group":"trails","name":"Kisanan path"}},{"type":"Feature","geometry":{"type":"LineString","coordinates":[[-17.4895,9.2124],[-18.6407,9.8377],[-18.9377,9.6836],[-19.019,8.9888],[-18.4925,8.2544],[-19.149,7.8124],[-19.8568,7.8306]]},"properties":{"id":343,"group":"trails","name":"Rzhislav trail"}},{"type":"Feature","geometry":{"type":"LineString","coordinates":[[36.9076,3.3921],[37.6447,2.8319],[37.7513,1.9089],[37.8235,1.1329],[38.6477,1.4202]]},"properties":{"id":344,"group":"trails","name":"The Shaky Celgardazadan trail"}},{"type":"Feature","geometry":{"type":"LineString","coordinates":[[37.4205,15.6443],[36.803,15.5533],[36.218,15.4922],[35.568,15.0743]]},"properties":{"id":345,"group":"trails","name":"Taguilolis trail"}},{"type":"Feature","geometry":{"type":"LineString","coordinates":[[32.7567,-6.5814],[32.9082,-7.1286],[32.799,-7.6954],[32.8718,-8.3687]]},"properties":{"id":346,"group":"trails","name":"Soutford track"}},{"type":"Feature","geometry":{"type":"LineString","coordinates":[[-18.0128,13.285],[-18.4113,13.6295],[-18.1239,13.9239],[-17.7001,14.2248],[-17.0157,14.3912],[-16.237,15.0802],[-15.9295,15.836],[-16.4255,16.3255],[-16.6465,16.5614],[-16.666,17.3745],[-16.1506,18.2071],[-17.2672,18.1739],[-17.8906,18.5782],[-19.1028,18.6705],[-19.9465,18.6087],[-19.7632,19.6493]]},"properties":{"id":347,"group":"trails","name":"Vicigliatan pass"}},{"type":"Feature","geometry":{"type":"LineString","coordinates":[[-18.9585,3.7437],[-18.1721,3.9368],[-17.6085,4.1467],[-17.0462,4.3625],[-16.5555,4.5627],[-16.0687,4.7603],[-15.5454,4.9981]]},"properties":{"id":348,"group":"trails","name":"Gobev path"}},{"type":"Feature","geometry":{"type":"LineString","coordinates":[[-19.4285,4.0167],[-18.9585,3.7437]]},"properties":{"id":349,"group":"trails","name":null}},{"type":"Feature","geometry":{"type":"LineString","coordinates":[[-18.6407,9.8377],[-18.2429,10.2367],[-18.109,10.6722],[-18.2351,11.1493],[-17.966,11.7186],[-17.6969,12.2886],[-17.8555,12.7845],[-18.0128,13.285]]},"properties":{"id":350,"group":"trails","name":"Sulatsk track"}},{"type":"Feature","geometry":{"type":"LineString","coordinates":[[-18.4113,13.6295],[-18.9527,12.9496]]},"properties":{"id":351,"group":"trails","name":null}},{"type":"Feature","geometry":{"type":"LineString","coordinates":[[-17.7001,14.2248],[-18.174,14.8969],[-18.7538,15.2478],[-18.8175,15.7178],[-19.0827,16.0343]]},"properties":{"id":352,"group":"trails","name":"Thorn trail"}},{"type":"Feature","geometry":{"type":"LineString","coordinates":[[37.6025,5.0235],[38.9929,5.0774],[39.6793,3.7528],[39.9204,2.4445],[40.326,2.0701]]},"properties":{"id":353,"group":"trails","name":"Royal pass"}},{"type":"Feature","geometry":{"type":"LineString","coordinates":[[-19.6885,7.104],[-19.8568,7.8306]]},"properties":{"id":354,"group":"trails","name":null}},{"type":"Feature","geometry":{"type":"LineString","coordinates":[[-19.4285,4.0167],[-19.8159,4.3742],[-19.8887,4.9351],[-19.6729,5.5909],[-19.5195,6.3838],[-19.6885,7.104]]},"properties":{"id":355,"group":"trails","name":"Drestkalan trail"}},{"type":"Feature","geometry":{"type":"LineString","coordinates":[[39.013,8.5014],[38.8635,7.8319],[39.1807,7.1937]]},"properties":{"id":356,"group":"trails","name":null}},{"type":"Feature","geometry":{"type":"LineString","coordinates":[[27.4969,-15.5734],[28.043,-16.0082],[28.4876,-17.0033]]},"properties":{"id":357,"group":"trails","name":null}},{"type":"Feature","geometry":{"type":"LineString","coordinates":[[38.9181,2.217],[38.6477,1.4202]]},"properties":{"id":358,"group":"trails","name":null}},{"type":"Feature","geometry":{"type":"LineString","coordinates":[[38.9181,2.217],[39.9204,2.4445]]},"properties":{"id":359,"group":"trails","name":null}},{"type":"Feature","geometry":{"type":"LineString","coordinates":[[38.7335,-1.3954],[38.829,-0.7312],[39.1931,-0.3198],[39.9256,-0.0676]]},"properties":{"id":360,"group":"trails","name":"Szaztokogard trail"}},{"type":"Feature","geometry":{"type":"LineString","coordinates":[[40.222,0.754],[39.9256,-0.0676],[38.6477,1.4202]]},"properties":{"id":361,"group":"trails","name":null}},{"type":"Feature","geometry":{"type":"LineString","coordinates":[[29.5568,-16.354],[28.4876,-17.0033]]},"properties":{"id":362,"group":"trails","name":null}},{"type":"Feature","geometry":{"type":"LineString","coordinates":[[29.5568,-16.354],[29.926,-16.4749],[30.4076,-16.3599],[31.0895,-16.4047]]},"properties":{"id":363,"group":"trails","name":"Rocking track"}},{"type":"Feature","geometry":{"type":"LineString","coordinates":[[39.013,8.5014],[39.4745,8.5345],[40.0062,8.4838],[40.625,8.7483],[40.7986,9.3723]]},"properties":{"id":364,"group":"trails","name":"Nakeszent trail"}},{"type":"Feature","geometry":{"type":"LineString","coordinates":[[-16.1506,18.2071],[-15.002,18.7296],[-14.5099,18.8642],[-13.921,18.6887],[-13.3932,18.9331],[-12.8576,19.0501]]},"properties":{"id":365,"group":"trails","name":"Mevevan trail"}},{"type":"Feature","geometry":{"type":"LineString","coordinates":[[40.222,0.754],[40.8811,1.2973],[40.6055,1.6834],[40.5535,2.0422],[40.729,2.3723],[41.1339,2.6798],[41.5805,3.2303],[42.0556,3.6573],[42.588,3.8347],[43.1496,3.8815],[43.3615,4.2897]]},"properties":{"id":366,"group":"trails","name":"Marfalcabadud trail"}},{"type":"Feature","geometry":{"type":"LineString","coordinates":[[-20.9397,16.6218],[-20.423,16.6192],[-19.9127,16.6121],[-19.3765,16.4568],[-19.0827,16.0343]]},"properties":{"id":367,"group":"trails","name":"Toflan path"}},{"type":"Feature","geometry":{"type":"LineString","coordinates":[[-20.4575,17.9542],[-19.9465,18.6087]]},"properties":{"id":368,"group":"trails","name":null}},{"type":"Feature","geometry":{"type":"LineString","coordinates":[[-20.9482,17.1541],[-20.2936,17.7151],[-20.4575,17.9542],[-20.982,17.8801],[-21.5014,17.8047],[-22.1195,17.4707],[-22.2021,18.3371],[-22.0103,18.8791],[-21.1627,19.0312]]},"properties":{"id":369,"group":"trails","name":"Fontalcican trail"}},{"type":"Feature","geometry":{"type":"LineString","coordinates":[[-20.9397,16.6218],[-20.9482,17.1541]]},"properties":{"id":370,"group":"trails","name":null}},{"type":"Feature","geometry":{"type":"LineString","coordinates":[[-20.982,17.8801],[-21.1627,19.0312]]},"properties":{"id":371,"group":"trails","name":null}},{"type":"Feature","geometry":{"type":"LineString","coordinates":[[-22.1195,17.4707],[-22.724,17.275],[-23.3142,17.3569],[-23.8875,17.3472],[-24.3457,17.5682],[-24.6915,18.0173]]},"properties":{"id":372,"group":"trails","name":"Cascasallalean trail"}},{"type":"Feature","geometry":{"type":"LineString","coordinates":[[20.594,-26.9963],[21.3096,-26.7441],[21.3291,-27.6131]]},"properties":{"id":373,"group":"trails","name":null}},{"type":"Feature","geometry":{"type":"LineString","coordinates":[[19.0352,-26.4633],[20.2254,-26.9534]]},"properties":{"id":374,"group":"trails","name":null}},{"type":"Feature","geometry":{"type":"LineString","coordinates":[[21.3733,-28.1656],[21.8211,-27.7944],[22.7611,-27.6053]]},"properties":{"id":375,"group":"trails","name":null}},{"type":"Feature","geometry":{"type":"LineString","coordinates":[[21.3096,-26.7441],[21.957,-26.4926],[22.2742,-25.9323],[23.153,-26.5439],[22.7611,-27.6053]]},"properties":{"id":376,"group":"trails","name":"Uxbridenese pass"}},{"type":"Feature","geometry":{"type":"LineString","coordinates":[[20.397,-28.8487],[21.075,-29.3062],[22.0162,-29.5357],[22.9099,-30.389]]},"properties":{"id":377,"group":"trails","name":"Radiant trail"}},{"type":"Feature","geometry":{"type":"LineString","coordinates":[[21.3733,-28.1656],[20.397,-28.8487]]},"properties":{"id":378,"group":"trails","name":null}},{"type":"Feature","geometry":{"type":"LineString","coordinates":[[22.0162,-29.5357],[21.3733,-28.1656]]},"properties":{"id":379,"group":"trails","name":null}},{"type":"Feature","geometry":{"type":"LineString","coordinates":[[23.7107,-25.7633],[23.5963,-26.7285],[23.153,-26.5439]]},"properties":{"id":380,"group":"trails","name":null}},{"type":"Feature","geometry":{"type":"LineString","coordinates":[[21.4786,-32.1686],[22.5908,-32.2849],[23.3142,-32.3902]]},"properties":{"id":381,"group":"trails","name":null}},{"type":"Feature","geometry":{"type":"LineString","coordinates":[[23.5963,-26.7285],[23.8894,-27.2309],[24.6298,-27.7444]]},"properties":{"id":382,"group":"trails","name":null}},{"type":"Feature","geometry":{"type":"LineString","coordinates":[[24.2476,-28.7278],[23.8075,-28.8604],[23.5612,-29.0891],[22.9099,-30.389]]},"properties":{"id":383,"group":"trails","name":"Bridbury trail"}},{"type":"Feature","geometry":{"type":"LineString","coordinates":[[19.7138,-32.554],[20.7194,-32.3564]]},"properties":{"id":384,"group":"trails","name":null}},{"type":"Feature","geometry":{"type":"LineString","coordinates":[[18.328,-34.1464],[18.8442,-33.2241]]},"properties":{"id":385,"group":"trails","name":null}},{"type":"Feature","geometry":{"type":"LineString","coordinates":[[20.2423,-33.9521],[20.6141,-34.2523],[20.9573,-34.8334],[20.592,-35.6081],[20.5497,-36.1307],[19.6969,-36.8911],[19.3629,-37.2402],[19.1503,-38.5544],[18.3618,-38.3535],[17.4837,-38.6057],[17.6527,-37.7848],[17.4739,-37.2285],[17.16,-36.626],[16.6797,-36.3718],[16.4086,-35.8902],[16.3904,-35.0674]]},"properties":{"id":386,"group":"trails","name":"Eagle trail"}},{"type":"Feature","geometry":{"type":"LineString","coordinates":[[25.0711,-31.4075],[24.5512,-31.7819],[23.3142,-32.3902]]},"properties":{"id":387,"group":"trails","name":null}},{"type":"Feature","geometry":{"type":"LineString","coordinates":[[24.6246,-29.5506],[25.1738,-30.4729],[25.0711,-31.4075],[24.9249,-31.9522],[25.1349,-32.7854],[25.9252,-33.7831]]},"properties":{"id":388,"group":"trails","name":"Mystic trail"}},{"type":"Feature","geometry":{"type":"LineString","coordinates":[[15.0754,-31.2158],[15.7625,-30.3591],[16.092,-29.9204],[16.1726,-29.4011],[16.6082,-28.6374],[16.9923,-28.1038],[17.0658,-27.3798],[17.1795,-26.8234],[17.2874,-26.2658],[17.992,-26.1774],[19.0352,-26.4633]]},"properties":{"id":389,"group":"trails","name":"Dodbridbury track"}},{"type":"Feature","geometry":{"type":"LineString","coordinates":[[25.673,-26.8065],[26.5246,-26.6427],[26.9672,-25.8153],[27.7621,-26.2853]]},"properties":{"id":390,"group":"trails","name":"Quatbumean trail"}},{"type":"Feature","geometry":{"type":"LineString","coordinates":[[15.0462,-35.1168],[15.1359,-33.9573],[15.4655,-33.1656],[16.2305,-32.0302]]},"properties":{"id":391,"group":"trails","name":"Swacuran trail"}},{"type":"Feature","geometry":{"type":"LineString","coordinates":[[12.8466,-32.5475],[13.0188,-33.8741],[11.8852,-34.0405],[10.7237,-34.4044],[10.0314,-34.6072],[9.1026,-35.5048],[8.8335,-36.2522],[8.4819,-36.1482],[8.0164,-36.028],[7.6427,-35.4794],[7.6232,-34.9231]]},"properties":{"id":392,"group":"trails","name":"Treabergarhan path"}},{"type":"Feature","geometry":{"type":"LineString","coordinates":[[15.0462,-35.1168],[14.276,-34.5981],[13.9776,-34.4642],[13.0188,-33.8741]]},"properties":{"id":393,"group":"trails","name":"Louthingtonese pass"}},{"type":"Feature","geometry":{"type":"LineString","coordinates":[[11.4302,-32.9843],[11.8852,-34.0405]]},"properties":{"id":394,"group":"trails","name":null}},{"type":"Feature","geometry":{"type":"LineString","coordinates":[[28.1938,-25.1712],[28.6227,-24.7124],[28.7723,-24.1469]]},"properties":{"id":395,"group":"trails","name":null}},{"type":"Feature","geometry":{"type":"LineString","coordinates":[[18.328,-34.1464],[18.0629,-34.3362],[17.5838,-34.6235],[16.3904,-35.0674],[15.0462,-35.1168]]},"properties":{"id":396,"group":"trails","name":"Thatcking trail"}},{"type":"Feature","geometry":{"type":"LineString","coordinates":[[27.4398,-33.215],[26.7144,-33.6927],[25.9252,-33.7831]]},"properties":{"id":397,"group":"trails","name":null}},{"type":"Feature","geometry":{"type":"LineString","coordinates":[[17.4837,-38.6057],[17.498,-39.2959],[17.2757,-40.0941],[17.2816,-40.783],[16.8955,-41.5597]]},"properties":{"id":398,"group":"trails","name":"Malseabing track"}},{"type":"Feature","geometry":{"type":"LineString","coordinates":[[29.1746,-23.1122],[29.64,-22.9601],[29.7057,-22.485],[29.4925,-21.9618],[30.264,-21.2728],[30.9888,-21.2715],[31.4093,-21.1221],[31.98,-21.2468],[32.5572,-21.7681],[33.1455,-22.55],[33.3587,-23.5789],[33.5888,-24.5544]]},"properties":{"id":399,"group":"trails","name":"Calnish path"}},{"type":"Feature","geometry":{"type":"LineString","coordinates":[[11.568,-29.821],[11.505,-30.4566],[11.3464,-30.9857],[11.0045,-31.3016],[10.6769,-31.9847]]},"properties":{"id":400,"group":"trails","name":"Balister path"}},{"type":"Feature","geometry":{"type":"LineString","coordinates":[[-2.3771,-39.5735],[-3.198,-38.583],[-3.7128,-37.7302],[-3.3988,-36.8827],[-3.5509,-36.2126],[-3.5744,-35.4398],[-3.4385,-34.9868],[-3.2968,-34.539],[-3.2844,-33.8923],[-3.055,-33.4269],[-2.7235,-33.0577],[-2.5006,-32.4695],[-2.2997,-31.9158],[-2.418,-31.3341],[-2.533,-30.7459],[-2.4791,-30.3598],[-1.8401,-29.8899],[-1.623,-29.236],[-1.144,-28.7083],[-0.6857,-28.7278],[-0.2119,-28.6108],[0.2541,-28.7655],[0.65,-29.0852],[1.0465,-29.4018],[1.5275,-29.8522],[2.0741,-29.2874],[2.3101,-28.783],[2.8158,-28.3683],[3.3813,-28.2832],[4.2835,-28.8194],[5.4385,-29.2627],[6.0535,-28.9962],[6.4935,-28.7733]]},"properties":{"id":401,"group":"trails","name":"Abercamanian track"}},{"type":"Feature","geometry":{"type":"LineString","coordinates":[[6.9452,-32.7614],[7.3742,-32.9778],[7.787,-32.8822]]},"properties":{"id":402,"group":"trails","name":null}},{"type":"Feature","geometry":{"type":"LineString","coordinates":[[29.1447,-21.1409],[30.3167,-20.7074],[30.264,-21.2728]]},"properties":{"id":403,"group":"trails","name":null}},{"type":"Feature","geometry":{"type":"LineString","coordinates":[[7.6082,-34.1496],[7.6232,-34.9231]]},"properties":{"id":404,"group":"trails","name":null}},{"type":"Feature","geometry":{"type":"LineString","coordinates":[[8.8335,-36.2522],[9.4855,-36.778],[9.9008,-37.7816]]},"properties":{"id":405,"group":"trails","name":null}},{"type":"Feature","geometry":{"type":"LineString","coordinates":[[5.668,-27.9608],[5.8825,-27.4129],[5.7213,-26.8202],[5.5185,-26.3424],[5.3118,-25.8602],[5.0056,-25.5365],[4.9036,-25.0991],[4.277,-24.4491],[3.5679,-23.9948]]},"properties":{"id":406,"group":"trails","name":"Indyrlochy trail"}},{"type":"Feature","geometry":{"type":"LineString","coordinates":[[5.4385,-29.2627],[5.458,-28.5074],[5.668,-27.9608]]},"properties":{"id":407,"group":"trails","name":null}},{"type":"Feature","geometry":{"type":"LineString","coordinates":[[6.6177,-34.0872],[6.7665,-33.4204],[6.9452,-32.7614]]},"properties":{"id":408,"group":"trails","name":null}},{"type":"Feature","geometry":{"type":"LineString","coordinates":[[27.4398,-33.215],[28.1177,-33.2423],[28.9985,-33.6589],[29.7772,-33.7935],[30.6098,-34.1061],[30.9016,-34.3901],[31.2377,-34.8379],[30.383,-35.3527],[29.7375,-36.1001],[29.4684,-37.246]]},"properties":{"id":409,"group":"trails","name":"Bingmorerean track"}},{"type":"Feature","geometry":{"type":"LineString","coordinates":[[30.3167,-20.7074],[30.5994,-19.6909]]},"properties":{"id":410,"group":"trails","name":null}},{"type":"Feature","geometry":{"type":"LineString","coordinates":[[29.1746,-23.1122],[28.7723,-24.1469]]},"properties":{"id":411,"group":"trails","name":null}},{"type":"Feature","geometry":{"type":"LineString","coordinates":[[32.5572,-21.7681],[32.6287,-21.5088],[33.1045,-21.3573],[33.4828,-20.8322],[34.2355,-20.7594],[34.3577,-21.5894],[34.515,-21.9702],[35.074,-22.7352],[35.44,-23.2318]]},"properties":{"id":412,"group":"trails","name":"Bostonsey trail"}},{"type":"Feature","geometry":{"type":"LineString","coordinates":[[33.5303,-32.6957],[32.3719,-31.9639],[32.1445,-33.0031],[32.2621,-33.9482],[31.9241,-34.4545],[31.2377,-34.8379]]},"properties":{"id":413,"group":"trails","name":"Thaxning pass"}},{"type":"Feature","geometry":{"type":"LineString","coordinates":[[34.6873,-24.481],[33.5888,-24.5544]]},"properties":{"id":414,"group":"trails","name":null}},{"type":"Feature","geometry":{"type":"LineString","coordinates":[[34.8094,-25.0049],[34.8777,-26.0994],[34.6697,-26.8592]]},"properties":{"id":415,"group":"trails","name":null}},{"type":"Feature","geometry":{"type":"LineString","coordinates":[[3.3813,-28.2832],[3.3358,-27.4766],[3.2344,-26.9053],[2.7878,-26.4178],[2.2165,-26.0019]]},"properties":{"id":416,"group":"trails","name":"Invernant track"}},{"type":"Feature","geometry":{"type":"LineString","coordinates":[[34.6873,-24.481],[34.8094,-25.0049]]},"properties":{"id":417,"group":"trails","name":null}},{"type":"Feature","geometry":{"type":"LineString","coordinates":[[34.6873,-24.481],[34.9369,-24.0741],[35.44,-23.2318]]},"properties":{"id":418,"group":"trails","name":null}},{"type":"Feature","geometry":{"type":"LineString","coordinates":[[11.9269,-38.9684],[11.0129,-38.0298],[9.9008,-37.7816]]},"properties":{"id":419,"group":"trails","name":null}},{"type":"Feature","geometry":{"type":"LineString","coordinates":[[2.7671,-29.8606],[3.0699,-29.9685],[3.0245,-30.4852],[2.6553,-31.1638]]},"properties":{"id":420,"group":"trails","name":"Inverowan trail"}},{"type":"Feature","geometry":{"type":"LineString","coordinates":[[34.2355,-20.7594],[34.8946,-20.3103],[34.517,-19.9216],[33.9638,-19.8001]]},"properties":{"id":421,"group":"trails","name":"Quatford track"}},{"type":"Feature","geometry":{"type":"LineString","coordinates":[[2.0741,-29.2874],[2.7671,-29.8606]]},"properties":{"id":422,"group":"trails","name":null}},{"type":"Feature","geometry":{"type":"LineString","coordinates":[[3.0699,-29.9685],[2.8158,-28.3683]]},"properties":{"id":423,"group":"trails","name":null}},{"type":"Feature","geometry":{"type":"LineString","coordinates":[[36.0854,-27.7177],[36.6177,-27.4487],[36.842,-26.9469],[37.299,-26.6999],[36.8037,-25.3636]]},"properties":{"id":424,"group":"trails","name":"Feltonese track"}},{"type":"Feature","geometry":{"type":"LineString","coordinates":[[33.4952,-19.3672],[33.9638,-19.8001]]},"properties":{"id":425,"group":"trails","name":null}},{"type":"Feature","geometry":{"type":"LineString","coordinates":[[33.4952,-19.3672],[33.7305,-18.8843],[33.878,-18.2571],[34.4273,-17.7664]]},"properties":{"id":426,"group":"trails","name":"Axbrighan trail"}},{"type":"Feature","geometry":{"type":"LineString","coordinates":[[1.4228,-24.4673],[1.8167,-24.158],[2.6682,-23.989],[3.5679,-23.9948]]},"properties":{"id":427,"group":"trails","name":"Indyrlochy pass"}},{"type":"Feature","geometry":{"type":"LineString","coordinates":[[37.2807,-30.0998],[36.3239,-30.5463]]},"properties":{"id":428,"group":"trails","name":null}},{"type":"Feature","geometry":{"type":"LineString","coordinates":[[33.4191,-17.9035],[33.878,-18.2571]]},"properties":{"id":429,"group":"trails","name":null}},{"type":"Feature","geometry":{"type":"LineString","coordinates":[[32.7671,-17.4661],[33.4191,-17.9035]]},"properties":{"id":430,"group":"trails","name":null}},{"type":"Feature","geometry":{"type":"LineString","coordinates":[[35.4049,-20.088],[35.6148,-19.7968],[35.7305,-19.2911]]},"properties":{"id":431,"group":"trails","name":null}},{"type":"Feature","geometry":{"type":"LineString","coordinates":[[34.8946,-20.3103],[35.4049,-20.088]]},"properties":{"id":432,"group":"trails","name":null}},{"type":"Feature","geometry":{"type":"LineString","coordinates":[[0.7533,-25.9921],[2.2165,-26.0019]]},"properties":{"id":433,"group":"trails","name":null}},{"type":"Feature","geometry":{"type":"LineString","coordinates":[[0.7533,-25.9921],[1.4228,-24.4673],[0.8944,-23.7914],[0.6955,-23.131],[0.8931,-22.5272]]},"properties":{"id":434,"group":"trails","name":"Ferdy trail"}},{"type":"Feature","geometry":{"type":"LineString","coordinates":[[37.5758,-31.0013],[37.295,-31.2873],[37.065,-31.9346],[36.907,-32.9472],[37.1858,-33.7889],[37.6077,-33.9566],[38.0945,-34.147],[38.6327,-34.0801]]},"properties":{"id":435,"group":"trails","name":"Newbutean trail"}},{"type":"Feature","geometry":{"type":"LineString","coordinates":[[4.9959,-34.0431],[4.4954,-33.98],[3.705,-34.2133]]},"properties":{"id":436,"group":"trails","name":null}},{"type":"Feature","geometry":{"type":"LineString","coordinates":[[33.5303,-32.6957],[33.5634,-33.7246],[34.0424,-34.6488]]},"properties":{"id":437,"group":"trails","name":null}},{"type":"Feature","geometry":{"type":"LineString","coordinates":[[1.4235,-22.6702],[0.8931,-22.5272]]},"properties":{"id":438,"group":"trails","name":null}},{"type":"Feature","geometry":{"type":"LineString","coordinates":[[0.0072,-24.041],[0.8944,-23.7914]]},"properties":{"id":439,"group":"trails","name":null}},{"type":"Feature","geometry":{"type":"LineString","coordinates":[[-0.7267,-27.8276],[-0.5466,-26.657],[-0.1027,-26.2996],[0.7533,-25.9921]]},"properties":{"id":440,"group":"trails","name":"Inbhirnian track"}},{"type":"Feature","geometry":{"type":"LineString","coordinates":[[-0.7267,-27.8276],[-0.8015,-28.2273],[-1.144,-28.7083],[-1.571,-28.3683],[-2.0286,-27.2959],[-2.2769,-26.9963],[-2.4791,-26.4009]]},"properties":{"id":441,"group":"trails","name":"Anaidhek track"}},{"type":"Feature","geometry":{"type":"LineString","coordinates":[[36.907,-32.9472],[35.7285,-33.1897],[34.84,-33.7889],[34.4123,-33.9963],[34.0424,-34.6488]]},"properties":{"id":442,"group":"trails","name":"Watchton pass"}},{"type":"Feature","geometry":{"type":"LineString","coordinates":[[0.0072,-24.041],[-0.6597,-23.8011],[-1.1453,-23.4274],[-2.2666,-23.2181],[-2.6065,-22.7547]]},"properties":{"id":443,"group":"trails","name":"Bledduaifian trail"}},{"type":"Feature","geometry":{"type":"LineString","coordinates":[[-1.17,-29.3907],[-1.144,-28.7083]]},"properties":{"id":444,"group":"trails","name":null}},{"type":"Feature","geometry":{"type":"LineString","coordinates":[[-1.17,-29.3907],[-1.623,-29.236]]},"properties":{"id":445,"group":"trails","name":null}},{"type":"Feature","geometry":{"type":"LineString","coordinates":[[-0.6857,-28.7278],[-1.17,-29.3907]]},"properties":{"id":446,"group":"trails","name":null}},{"type":"Feature","geometry":{"type":"LineString","coordinates":[[-1.8551,-26.0019],[-1.4846,-25.6236],[-1.3247,-25.0731],[-0.6597,-23.8011]]},"properties":{"id":447,"group":"trails","name":"The Breezy Inveranverduan trail"}},{"type":"Feature","geometry":{"type":"LineString","coordinates":[[-1.8551,-26.0019],[-2.4791,-26.4009]]},"properties":{"id":448,"group":"trails","name":null}},{"type":"Feature","geometry":{"type":"LineString","coordinates":[[-2.5006,-32.4695],[-3.5035,-32.4]]},"properties":{"id":449,"group":"trails","name":null}},{"type":"Feature","geometry":{"type":"LineString","coordinates":[[-0.1664,-42.2461],[-0.169,-41.6293],[-0.1671,-41.0177],[-0.1749,-40.3014],[0.156,-39.8549]]},"properties":{"id":450,"group":"trails","name":"The Winding Invereid trail"}},{"type":"Feature","geometry":{"type":"LineString","coordinates":[[-2.4791,-30.3598],[-3.1226,-29.2646],[-4.2126,-28.5971],[-3.7095,-28.0414],[-3.3,-27.5403],[-2.8925,-26.9729],[-2.4791,-26.4009]]},"properties":{"id":451,"group":"trails","name":"The Winding Anaidhek trail"}},{"type":"Feature","geometry":{"type":"LineString","coordinates":[[-0.1749,-40.3014],[-0.6188,-40.4269],[-1.0835,-40.2793]]},"properties":{"id":452,"group":"trails","name":null}},{"type":"Feature","geometry":{"type":"LineString","coordinates":[[40.8558,-19.7923],[41.2295,-20.2524]]},"properties":{"id":453,"group":"trails","name":null}},{"type":"Feature","geometry":{"type":"LineString","coordinates":[[42.4567,-20.8322],[41.5903,-20.7028],[41.2295,-20.2524]]},"properties":{"id":454,"group":"trails","name":null}},{"type":"Feature","geometry":{"type":"LineString","coordinates":[[40.8558,-19.7923],[41.2731,-19.4432],[41.4902,-18.9441],[42.9325,-19.7546],[42.2793,-20.0652],[41.5903,-20.7028]]},"properties":{"id":455,"group":"trails","name":"Harburan pass"}},{"type":"Feature","geometry":{"type":"LineString","coordinates":[[-1.612,-39.6196],[-1.261,-40.0187]]},"properties":{"id":456,"group":"trails","name":null}},{"type":"Feature","geometry":{"type":"LineString","coordinates":[[-0.7767,-43.9658],[-0.934,-43.31],[-0.6305,-42.5808],[-0.1664,-42.2461]]},"properties":{"id":457,"group":"trails","name":"Maberdynonese trail"}},{"type":"Feature","geometry":{"type":"LineString","coordinates":[[42.603,-28.6075],[43.2848,-28.4112],[44.5971,-28.7525],[45.1717,-28.6277],[45.6683,-28.2371]]},"properties":{"id":458,"group":"trails","name":"Malseaderoean trail"}},{"type":"Feature","geometry":{"type":"LineString","coordinates":[[43.6137,-24.6233],[43.6313,-25.337],[44.5269,-25.4676],[45.0951,-26.0162],[45.3264,-26.6928],[45.684,-27.4435],[45.6683,-28.2371]]},"properties":{"id":459,"group":"trails","name":"Malseaderoean trail"}},{"type":"Feature","geometry":{"type":"LineString","coordinates":[[37.9074,-11.3377],[38.2915,-11.7251],[38.7335,-12.0026],[39.299,-12.063],[39.7709,-12.635],[40.0855,-13.0646],[40.5607,-13.3266],[41.5467,-13.4559]]},"properties":{"id":460,"group":"trails","name":"Phinian trail"}},{"type":"Feature","geometry":{"type":"LineString","coordinates":[[-4.2126,-28.5971],[-4.7171,-28.3755],[-5.1298,-28.5607],[-5.5315,-29.0007],[-5.9338,-29.5733],[-6.2946,-29.8489],[-7.1324,-30.3773]]},"properties":{"id":461,"group":"trails","name":"Arayan track"}},{"type":"Feature","geometry":{"type":"LineString","coordinates":[[42.1064,-30.5795],[42.3013,-30.9408],[42.7382,-31.529],[42.768,-32.1692]]},"properties":{"id":462,"group":"trails","name":"Persterham track"}},{"type":"Feature","geometry":{"type":"LineString","coordinates":[[37.9074,-11.3377],[38.0386,-10.5994]]},"properties":{"id":463,"group":"trails","name":null}},{"type":"Feature","geometry":{"type":"LineString","coordinates":[[39.1183,-11.2422],[37.9074,-11.3377]]},"properties":{"id":464,"group":"trails","name":null}},{"type":"Feature","geometry":{"type":"LineString","coordinates":[[43.6313,-18.7491],[42.9325,-19.7546]]},"properties":{"id":465,"group":"trails","name":null}},{"type":"Feature","geometry":{"type":"LineString","coordinates":[[-6.7567,-33.3184],[-6.1997,-33.085],[-5.2078,-32.9128],[-4.2965,-32.4487],[-3.5035,-32.4]]},"properties":{"id":466,"group":"trails","name":"Serpent track"}},{"type":"Feature","geometry":{"type":"LineString","coordinates":[[-3.5509,-36.2126],[-4.3069,-36.0254],[-5.2962,-35.3118]]},"properties":{"id":467,"group":"trails","name":null}},{"type":"Feature","geometry":{"type":"LineString","coordinates":[[-6.7567,-33.3184],[-6.4603,-33.9378],[-6.5052,-34.5104],[-6.6788,-35.4729],[-6.1724,-35.5522],[-5.2962,-35.3118]]},"properties":{"id":468,"group":"trails","name":"Indyrsarannese pass"}},{"type":"Feature","geometry":{"type":"LineString","coordinates":[[44.8331,-18.5775],[44.7194,-19.2807],[44.9306,-20.1666],[45.8061,-20.2037],[47.1302,-20.2245],[47.7698,-20.4318],[47.5397,-21.2189],[47.307,-22.1665],[47.5449,-22.966],[47.9382,-23.8863],[48.0668,-24.3556],[48.4049,-24.6467],[48.982,-25.3506],[49.2408,-25.7809],[49.3877,-26.5608],[49.9376,-27.7366],[50.1456,-27.8893],[50.737,-28.1968]]},"properties":{"id":469,"group":"trails","name":"The Cracked Pichaman trail"}},{"type":"Feature","geometry":{"type":"LineString","coordinates":[[40.053,-9.8727],[39.5584,-10.4824],[39.1183,-11.2422],[39.7007,-11.6646],[39.9288,-12.0117],[40.8155,-12.351],[41.819,-12.1176]]},"properties":{"id":470,"group":"trails","name":"Napolissian trail"}},{"type":"Feature","geometry":{"type":"LineString","coordinates":[[40.053,-9.8727],[40.0231,-9.2982],[40.3,-8.8198],[40.0452,-8.3746]]},"properties":{"id":471,"group":"trails","name":"Pharatrian trail"}},{"type":"Feature","geometry":{"type":"LineString","coordinates":[[45.4675,-15.9381],[45.1549,-16.5938],[44.8689,-17.3835],[44.1694,-18.2343]]},"properties":{"id":472,"group":"trails","name":"Charporan trail"}},{"type":"Feature","geometry":{"type":"LineString","coordinates":[[-7.1194,-31.9281],[-7.4432,-31.1976],[-7.1324,-30.3773]]},"properties":{"id":473,"group":"trails","name":null}},{"type":"Feature","geometry":{"type":"LineString","coordinates":[[-7.4432,-31.1976],[-7.7773,-31.3939],[-8.3466,-31.7429],[-9.2313,-31.8826],[-9.501,-31.1943],[-9.698,-31.7045],[-9.9983,-32.012],[-10.374,-32.0945],[-10.8225,-31.9489],[-11.3341,-32.0334],[-11.817,-31.8644]]},"properties":{"id":474,"group":"trails","name":"Aberdenning trail"}},{"type":"Feature","geometry":{"type":"LineString","coordinates":[[-6.7567,-33.3184],[-7.1194,-31.9281]]},"properties":{"id":475,"group":"trails","name":null}},{"type":"Feature","geometry":{"type":"LineString","coordinates":[[-3.7447,-39.4181],[-3.198,-38.583]]},"properties":{"id":476,"group":"trails","name":null}},{"type":"Feature","geometry":{"type":"LineString","coordinates":[[-0.7767,-43.9658],[-1.3572,-44.3292],[-2.5057,-44.7952],[-3.185,-44.5826],[-4.0443,-44.8355],[-4.9192,-44.428],[-5.3833,-43.8072],[-6.2036,-43.479],[-6.8413,-43.1183]]},"properties":{"id":477,"group":"trails","name":"Tregubintan trail"}},{"type":"Feature","geometry":{"type":"LineString","coordinates":[[1.6419,-44.647],[1.3793,-44.6184],[0.026,-44.3604],[-0.7767,-43.9658]]},"properties":{"id":478,"group":"trails","name":"Maberdynon pass"}},{"type":"Feature","geometry":{"type":"LineString","coordinates":[[42.222,-39.0113],[42.1915,-39.5689],[42.0407,-40.4126]]},"properties":{"id":479,"group":"trails","name":null}},{"type":"Feature","geometry":{"type":"LineString","coordinates":[[45.3082,-40.1617],[45.0515,-40.6673],[44.7889,-41.1769]]},"properties":{"id":480,"group":"trails","name":null}},{"type":"Feature","geometry":{"type":"LineString","coordinates":[[46.6323,-18.5742],[46.5452,-19.2937],[47.1302,-20.2245]]},"properties":{"id":481,"group":"trails","name":null}},{"type":"Feature","geometry":{"type":"LineString","coordinates":[[44.8331,-18.5775],[45.7496,-18.7114],[46.6323,-18.5742]]},"properties":{"id":482,"group":"trails","name":null}},{"type":"Feature","geometry":{"type":"LineString","coordinates":[[45.875,-14.8097],[46.2839,-15.6638]]},"properties":{"id":483,"group":"trails","name":null}},{"type":"Feature","geometry":{"type":"LineString","coordinates":[[-10.7575,-41.6033],[-11.0682,-42.1408],[-11.2378,-42.5639],[-11.1091,-43.0969],[-11.026,-43.6129],[-10.7373,-43.8566],[-9.9574,-43.9606],[-9.282,-43.7546],[-8.63,-43.5499],[-7.7389,-43.507],[-6.8413,-43.1183]]},"properties":{"id":484,"group":"trails","name":"Ember track"}},{"type":"Feature","geometry":{"type":"LineString","coordinates":[[45.875,-14.8097],[46.5316,-15.4538]]},"properties":{"id":485,"group":"trails","name":null}},{"type":"Feature","geometry":{"type":"LineString","coordinates":[[43.3492,-8.7418],[43.0398,-8.023],[42.2721,-7.4939],[41.3732,-7.8397],[41.0475,-8.3908],[40.3,-8.8198]]},"properties":{"id":486,"group":"trails","name":"Parmelegaian trail"}},{"type":"Feature","geometry":{"type":"LineString","coordinates":[[49.0828,-31.3503],[49.5294,-30.7478],[50.156,-30.495],[50.5518,-29.3959],[50.8567,-28.5783],[51.2811,-28.1428],[52.0195,-28.1812],[52.6383,-28.38],[53.3214,-28.2955],[53.7843,-28.6244],[54.1236,-29.1951],[54.4349,-29.9107],[54.8873,-30.2402],[55.5594,-30.4573],[56.1035,-30.4001],[56.7229,-30.7225],[57.6173,-31.0838],[57.5718,-31.8976],[57.4463,-32.7029],[57.0343,-33.0577]]},"properties":{"id":487,"group":"trails","name":"Braugaran pass"}},{"type":"Feature","geometry":{"type":"LineString","coordinates":[[45.1717,-28.6277],[45.5026,-28.9318],[46.1961,-29.3907],[46.5342,-29.8769],[47.138,-30.1999],[47.7367,-30.8408],[49.0828,-31.3503]]},"properties":{"id":488,"group":"trails","name":"Bretfield trail"}},{"type":"Feature","geometry":{"type":"LineString","coordinates":[[43.8334,-9.421],[43.071,-9.161]]},"properties":{"id":489,"group":"trails","name":null}},{"type":"Feature","geometry":{"type":"LineString","coordinates":[[44.4204,-8.0275],[44.8351,-8.3336],[45.7119,-9.1727],[46.6758,-10.4895],[47.4708,-10.6871],[48.5907,-10.615],[48.0889,-9.3515],[47.9323,-8.7522],[48.3808,-8.6222],[49.6249,-7.6622],[50.5505,-7.9437],[51.3818,-8.7126],[52.4173,-8.3128],[52.4134,-9.2949],[53.1082,-9.7778],[53.588,-10.1177],[54.2438,-10.2295],[54.7996,-10.5714],[55.2305,-11.1278],[56.2458,-11.1408],[56.6521,-11.1668],[57.5081,-11.4378],[58.7964,-11.2747],[59.137,-11.3923]]},"properties":{"id":490,"group":"trails","name":"The Silent Cropan trail"}},{"type":"Feature","geometry":{"type":"LineString","coordinates":[[47.0145,-40.6413],[47.7867,-40.6823],[48.3788,-40.9722]]},"properties":{"id":491,"group":"trails","name":null}},{"type":"Feature","geometry":{"type":"LineString","coordinates":[[-11.3978,-36.8879],[-11.3581,-37.9714]]},"properties":{"id":492,"group":"trails","name":null}},{"type":"Feature","geometry":{"type":"LineString","coordinates":[[-6.5052,-34.5104],[-6.7548,-34.4434],[-7.202,-34.1256],[-7.8422,-34.1256],[-8.502,-34.7638],[-9.2404,-35.5028],[-9.4972,-35.9754],[-9.6031,-36.3744],[-9.8956,-37.1284],[-10.6002,-37.1745],[-11.3978,-36.8879],[-11.8118,-37.1349],[-12.2265,-37.3311],[-12.7608,-37.9486],[-13.089,-38.709],[-13.1638,-38.9333],[-13.587,-40.3879],[-14.17,-40.2644],[-14.5444,-40.332],[-15.0449,-40.1701],[-15.7625,-40.0304],[-16.3657,-39.7873],[-16.7505,-39.3284]]},"properties":{"id":493,"group":"trails","name":"Abercast path"}},{"type":"Feature","geometry":{"type":"LineString","coordinates":[[47.0834,-15.2965],[48.1592,-15.9218],[49.0496,-15.4779]]},"properties":{"id":494,"group":"trails","name":null}},{"type":"Feature","geometry":{"type":"LineString","coordinates":[[47.0834,-15.2965],[47.5911,-15.0268],[48.44,-13.6749]]},"properties":{"id":495,"group":"trails","name":null}},{"type":"Feature","geometry":{"type":"LineString","coordinates":[[43.9192,-7.1748],[44.4204,-8.0275]]},"properties":{"id":496,"group":"trails","name":null}},{"type":"Feature","geometry":{"type":"LineString","coordinates":[[43.9192,-7.1748],[44.4015,-7.1104]]},"properties":{"id":497,"group":"trails","name":null}},{"type":"Feature","geometry":{"type":"LineString","coordinates":[[43.4525,-6.8505],[43.9192,-7.1748]]},"properties":{"id":498,"group":"trails","name":null}},{"type":"Feature","geometry":{"type":"LineString","coordinates":[[52.1437,-18.9311],[51.8115,-19.4673],[51.3429,-19.778],[50.8749,-19.8748],[50.6194,-20.0841],[49.9805,-20.4104],[48.895,-20.361],[47.7698,-20.4318]]},"properties":{"id":499,"group":"trails","name":"Henbusean trail"}},{"type":"Feature","geometry":{"type":"LineString","coordinates":[[49.3343,-11.7036],[49.0334,-11.4176],[48.5907,-10.615],[47.9687,-11.3195],[47.7568,-12.4472],[48.0246,-12.9216],[48.44,-13.6749]]},"properties":{"id":500,"group":"trails","name":"Gyrianese trail"}},{"type":"Feature","geometry":{"type":"LineString","coordinates":[[49.3343,-11.7036],[50.5928,-11.053],[51.2902,-11.6009],[51.6451,-12.2827],[52.3933,-12.8033],[53.0686,-13.9356],[52.3165,-14.6537]]},"properties":{"id":501,"group":"trails","name":"Nenian trail"}},{"type":"Feature","geometry":{"type":"LineString","coordinates":[[47.5637,-7.3893],[47.9323,-8.7522]]},"properties":{"id":502,"group":"trails","name":null}},{"type":"Feature","geometry":{"type":"LineString","coordinates":[[47.5637,-7.3893],[47.7692,-6.9369]]},"properties":{"id":503,"group":"trails","name":null}},{"type":"Feature","geometry":{"type":"LineString","coordinates":[[46.6076,-6.5554],[47.5637,-7.3893]]},"properties":{"id":504,"group":"trails","name":null}},{"type":"Feature","geometry":{"type":"LineString","coordinates":[[53.3683,-17.5746],[52.3205,-17.4121]]},"properties":{"id":505,"group":"trails","name":null}},{"type":"Feature","geometry":{"type":"LineString","coordinates":[[52.1437,-18.9311],[53.0946,-19.3808],[53.9175,-19.6434]]},"properties":{"id":506,"group":"trails","name":null}},{"type":"Feature","geometry":{"type":"LineString","coordinates":[[42.2721,-7.4939],[43.4525,-6.8505]]},"properties":{"id":507,"group":"trails","name":null}},{"type":"Feature","geometry":{"type":"LineString","coordinates":[[47.5637,-5.5402],[47.7692,-6.9369]]},"properties":{"id":508,"group":"trails","name":null}},{"type":"Feature","geometry":{"type":"LineString","coordinates":[[51.3214,-15.5117],[52.3165,-14.6537]]},"properties":{"id":509,"group":"trails","name":null}},{"type":"Feature","geometry":{"type":"LineString","coordinates":[[50.156,-30.495],[51.5106,-30.469],[52.0585,-30.5405],[52.4472,-30.8778],[53.43,-31.5089],[53.9039,-32.0562],[54.4668,-32.6574],[54.5941,-32.8653],[55.6283,-33.4704],[55.1915,-34.2003],[53.9578,-34.6664]]},"properties":{"id":510,"group":"trails","name":"Modmoutham path"}},{"type":"Feature","geometry":{"type":"LineString","coordinates":[[46.8332,-4.6497],[47.5637,-5.5402]]},"properties":{"id":511,"group":"trails","name":null}},{"type":"Feature","geometry":{"type":"LineString","coordinates":[[51.2909,-10.1457],[50.6162,-10.7618],[50.5928,-11.053]]},"properties":{"id":512,"group":"trails","name":null}},{"type":"Feature","geometry":{"type":"LineString","coordinates":[[46.8592,-6.2401],[46.8332,-4.6497],[47.1646,-4.5886],[47.1699,-4.2136],[47.2667,-3.5136],[46.9255,-2.9014],[47.6807,-2.4067],[47.203,-2.1773],[46.7265,-1.9498],[46.5556,-1.8068],[46.293,-1.4364],[46.0324,-1.0698],[46.6115,-0.9749],[47.1848,-0.8748],[47.463,-0.13],[48.3945,0.5063],[48.7936,0.4101],[48.9801,0.6773]]},"properties":{"id":513,"group":"trails","name":"Margian trail"}},{"type":"Feature","geometry":{"type":"LineString","coordinates":[[54.769,-17.0638],[54.6052,-17.3309],[54.3569,-17.4602],[53.3683,-17.5746]]},"properties":{"id":514,"group":"trails","name":"Tithian trail"}},{"type":"Feature","geometry":{"type":"LineString","coordinates":[[51.2909,-10.1457],[51.4709,-9.2702],[52.4134,-9.2949]]},"properties":{"id":515,"group":"trails","name":null}},{"type":"Feature","geometry":{"type":"LineString","coordinates":[[49.8667,-6.4891],[49.6249,-7.6622]]},"properties":{"id":516,"group":"trails","name":null}},{"type":"Feature","geometry":{"type":"LineString","coordinates":[[48.4686,-5.6604],[49.2186,-6.0907],[49.8667,-6.4891],[50.3594,-6.4371],[51.1511,-6.2453],[51.675,-7.2047],[51.9194,-7.8195],[52.4173,-8.3128]]},"properties":{"id":517,"group":"trails","name":"Phikastrian trail"}},{"type":"Feature","geometry":{"type":"LineString","coordinates":[[-12.2265,-37.3311],[-12.1193,-36.3276],[-11.9762,-35.898],[-11.5953,-35.5438],[-11.4978,-34.3628],[-11.5706,-33.7116],[-11.3704,-33.1195],[-11.817,-31.8644]]},"properties":{"id":518,"group":"trails","name":"Aberdenning trail"}},{"type":"Feature","geometry":{"type":"LineString","coordinates":[[51.4709,-9.2702],[51.3818,-8.7126]]},"properties":{"id":519,"group":"trails","name":null}},{"type":"Feature","geometry":{"type":"LineString","coordinates":[[49.7451,-5.1352],[49.2186,-6.0907]]},"properties":{"id":520,"group":"trails","name":null}},{"type":"Feature","geometry":{"type":"LineString","coordinates":[[-16.9312,-39.604],[-16.7505,-39.3284]]},"properties":{"id":521,"group":"trails","name":null}},{"type":"Feature","geometry":{"type":"LineString","coordinates":[[56.8523,-22.1204],[56.47,-21.1188],[56.2263,-20.5325],[55.5737,-19.956],[54.9458,-19.7546],[53.9175,-19.6434]]},"properties":{"id":522,"group":"trails","name":"Kalestian trail"}},{"type":"Feature","geometry":{"type":"LineString","coordinates":[[53.0686,-13.9356],[53.8181,-13.8953],[54.002,-15.1666],[54.1749,-15.5936],[54.68,-16.1753],[54.769,-17.0638]]},"properties":{"id":523,"group":"trails","name":"Ialyregean trail"}},{"type":"Feature","geometry":{"type":"LineString","coordinates":[[54.9803,-14.2657],[54.002,-15.1666]]},"properties":{"id":524,"group":"trails","name":null}},{"type":"Feature","geometry":{"type":"LineString","coordinates":[[55.1915,-34.2003],[55.612,-34.4408],[56.2556,-34.4915],[56.9329,-34.81],[57.3495,-35.4261],[58.0411,-36.5031],[58.2003,-37.1453],[58.5982,-37.7523],[59.2774,-38.18],[59.5173,-38.8442],[58.3771,-39.2186],[57.6817,-39.1432],[56.7658,-39.3616],[56.08,-40.1636],[56.5793,-40.3534],[57.1766,-41.0814],[57.137,-41.5331],[56.7866,-41.9926],[56.8438,-42.9383]]},"properties":{"id":525,"group":"trails","name":"The Sacred Holsalendan path"}},{"type":"Feature","geometry":{"type":"LineString","coordinates":[[55.6283,-33.4704],[55.9169,-33.3177],[57.0343,-33.0577]]},"properties":{"id":526,"group":"trails","name":null}},{"type":"Feature","geometry":{"type":"LineString","coordinates":[[47.6807,-2.4067],[48.4438,-2.6368]]},"properties":{"id":527,"group":"trails","name":null}},{"type":"Feature","geometry":{"type":"LineString","coordinates":[[-17.3296,-42.0108],[-16.8266,-41.4115],[-16.7401,-40.8708],[-16.7108,-40.1285],[-16.9312,-39.604]]},"properties":{"id":528,"group":"trails","name":"The Shaky Chorkeilean trail"}},{"type":"Feature","geometry":{"type":"LineString","coordinates":[[56.08,-15.539],[56.2328,-15.9049],[55.8383,-16.4892],[54.769,-17.0638]]},"properties":{"id":529,"group":"trails","name":"Ialyregean trail"}},{"type":"Feature","geometry":{"type":"LineString","coordinates":[[54.6052,-17.3309],[55.1324,-18.2083],[55.6374,-18.1505],[56.4018,-17.7014]]},"properties":{"id":530,"group":"trails","name":"Bybrian trail"}},{"type":"Feature","geometry":{"type":"LineString","coordinates":[[53.8181,-13.8953],[53.9409,-13.3525],[54.3985,-12.3978],[55.1252,-11.8687],[55.8571,-12.2697],[55.7102,-13.3116],[56.0684,-13.8485],[56.5819,-14.1585],[56.9485,-14.7681],[56.08,-15.539]]},"properties":{"id":531,"group":"trails","name":"Jukroseidy trail"}},{"type":"Feature","geometry":{"type":"LineString","coordinates":[[51.0237,-4.8681],[51.1511,-6.2453]]},"properties":{"id":532,"group":"trails","name":null}},{"type":"Feature","geometry":{"type":"LineString","coordinates":[[49.6717,-3.4512],[50.0988,-3.8392],[50.3367,-4.5041],[51.0237,-4.8681],[51.2889,-3.9816],[52.5792,-4.068],[52.9926,-4.0011],[53.9942,-3.4805],[54.4875,-4.0719],[55.3436,-4.4157],[55.7486,-4.1902]]},"properties":{"id":533,"group":"trails","name":"Segeatis path"}},{"type":"Feature","geometry":{"type":"LineString","coordinates":[[55.2305,-11.1278],[55.1252,-11.8687]]},"properties":{"id":534,"group":"trails","name":null}},{"type":"Feature","geometry":{"type":"LineString","coordinates":[[54.9803,-14.2657],[55.6686,-14.4243],[56.5819,-14.1585]]},"properties":{"id":535,"group":"trails","name":null}},{"type":"Feature","geometry":{"type":"LineString","coordinates":[[59.7786,-29.9191],[58.9264,-30.5964],[58.5162,-30.753],[57.6173,-31.0838]]},"properties":{"id":536,"group":"trails","name":"Nestodoy trail"}},{"type":"Feature","geometry":{"type":"LineString","coordinates":[[54.9861,-9.1396],[54.7996,-10.5714]]},"properties":{"id":537,"group":"trails","name":null}},{"type":"Feature","geometry":{"type":"LineString","coordinates":[[56.08,-40.1636],[55.356,-40.4067],[54.6565,-40.3268],[54.4212,-40.5231],[53.9565,-40.863],[53.0042,-40.9891],[52.5545,-41.2341],[52.0526,-41.5246],[51.5944,-41.6384],[50.3581,-41.6],[49.5131,-41.6026],[48.3788,-40.9722]]},"properties":{"id":538,"group":"trails","name":"Flokhambean trail"}},{"type":"Feature","geometry":{"type":"LineString","coordinates":[[52.8736,-4.9045],[54.2139,-5.1729]]},"properties":{"id":539,"group":"trails","name":null}},{"type":"Feature","geometry":{"type":"LineString","coordinates":[[52.8736,-4.9045],[52.5792,-4.068]]},"properties":{"id":540,"group":"trails","name":null}},{"type":"Feature","geometry":{"type":"LineString","coordinates":[[50.0988,-3.8392],[51.0517,-3.2166]]},"properties":{"id":541,"group":"trails","name":null}},{"type":"Feature","geometry":{"type":"LineString","coordinates":[[59.1493,-28.9793],[59.7786,-29.9191]]},"properties":{"id":542,"group":"trails","name":null}},{"type":"Feature","geometry":{"type":"LineString","coordinates":[[55.8272,-6.8816],[55.3286,-7.5875],[54.7222,-8.8243],[54.9861,-9.1396],[55.7362,-8.8952],[56.6436,-9.1903]]},"properties":{"id":543,"group":"trails","name":"Pseidyralian trail"}},{"type":"Feature","geometry":{"type":"LineString","coordinates":[[51.2337,-2.2592],[52.3556,-1.4916],[52.1762,-0.4946],[53.2746,-0.312]]},"properties":{"id":544,"group":"trails","name":"Aurora path"}},{"type":"Feature","geometry":{"type":"LineString","coordinates":[[61.0006,-28.7505],[60.5274,-28.6823],[60.0217,-29.0287],[59.7786,-29.9191]]},"properties":{"id":545,"group":"trails","name":"Greneskif trail"}},{"type":"Feature","geometry":{"type":"LineString","coordinates":[[60.5963,-25.8803],[60.71,-26.5589],[60.801,-27.1373],[61.2053,-27.6137]]},"properties":{"id":546,"group":"trails","name":"Blikstadian trail"}},{"type":"Feature","geometry":{"type":"LineString","coordinates":[[60.5963,-25.8803],[61.5134,-25.6632]]},"properties":{"id":547,"group":"trails","name":null}},{"type":"Feature","geometry":{"type":"LineString","coordinates":[[60.8517,-23.8707],[60.5579,-23.961],[59.8975,-23.9207],[58.9804,-23.5236],[58.6618,-23.3078],[58.0833,-23.4008],[57.3066,-22.8698],[56.8523,-22.1204]]},"properties":{"id":548,"group":"trails","name":"Saltoncestan track"}},{"type":"Feature","geometry":{"type":"LineString","coordinates":[[61.0006,-28.7505],[61.2053,-27.6137]]},"properties":{"id":549,"group":"trails","name":null}},{"type":"Feature","geometry":{"type":"LineString","coordinates":[[-17.366,-39.3804],[-17.6358,-39.3928],[-18.018,-39.192],[-18.4496,-38.8806],[-18.7525,-38.4835],[-19.0502,-38.0838],[-19.5065,-38.048],[-19.9569,-38.0058],[-20.7025,-38.1],[-21.4546,-38.1897],[-22.2664,-38.2196],[-22.9255,-38.1],[-23.5794,-37.9746],[-24.2223,-37.9421],[-24.7715,-38.2885],[-25.1095,-38.5973],[-25.233,-38.8683],[-25.7107,-39.2771],[-26.6812,-39.2492]]},"properties":{"id":550,"group":"trails","name":"The Obscure Invernian pass"}},{"type":"Feature","geometry":{"type":"LineString","coordinates":[[-17.3296,-42.0108],[-18.1857,-42.0517],[-18.6511,-42.1323],[-19.4532,-42.183],[-20.0226,-42.5177],[-20.7155,-42.4612],[-21.5716,-42.8882],[-22.102,-43.1177],[-22.893,-43.0202],[-23.5144,-43.3614],[-24.0415,-43.193],[-24.4296,-42.8434],[-24.7591,-42.4567]]},"properties":{"id":551,"group":"trails","name":"Cenny trail"}},{"type":"Feature","geometry":{"type":"LineString","coordinates":[[55.3436,-4.4157],[54.9725,-4.9909],[54.2139,-5.1729]]},"properties":{"id":552,"group":"trails","name":null}},{"type":"Feature","geometry":{"type":"LineString","coordinates":[[54.9725,-4.9909],[55.3196,-5.7481],[55.8272,-6.8816],[56.7775,-6.5762],[57.6817,-6.4501],[58.1055,-5.9158]]},"properties":{"id":553,"group":"trails","name":"Egarynthonese trail"}},{"type":"Feature","geometry":{"type":"LineString","coordinates":[[53.9942,-3.4805],[53.7206,-2.7077],[54.8152,-2.1702]]},"properties":{"id":554,"group":"trails","name":null}},{"type":"Feature","geometry":{"type":"LineString","coordinates":[[62.3025,-29.4349],[61.0006,-28.7505]]},"properties":{"id":555,"group":"trails","name":null}},{"type":"Feature","geometry":{"type":"LineString","coordinates":[[61.9782,-31.3243],[61.4315,-31.5115]]},"properties":{"id":556,"group":"trails","name":null}},{"type":"Feature","geometry":{"type":"LineString","coordinates":[[62.3025,-29.4349],[61.6662,-30.1804],[61.9782,-31.3243],[62.1036,-32.0744]]},"properties":{"id":557,"group":"trails","name":"Haugish pass"}},{"type":"Feature","geometry":{"type":"LineString","coordinates":[[52.3556,-1.4916],[53.0907,-2.2014],[53.7206,-2.7077]]},"properties":{"id":558,"group":"trails","name":null}},{"type":"Feature","geometry":{"type":"LineString","coordinates":[[58.9576,-12.284],[59.137,-11.3923],[59.4301,-10.806],[59.3658,-9.9371]]},"properties":{"id":559,"group":"trails","name":"The Sacred Eliomispon path"}},{"type":"Feature","geometry":{"type":"LineString","coordinates":[[59.4301,-10.806],[60.4545,-10.6468],[61.2112,-10.2893]]},"properties":{"id":560,"group":"trails","name":null}},{"type":"Feature","geometry":{"type":"LineString","coordinates":[[57.9345,-7.618],[57.2143,-8.0574],[56.6436,-9.1903]]},"properties":{"id":561,"group":"trails","name":null}},{"type":"Feature","geometry":{"type":"LineString","coordinates":[[50.388,0.0228],[51.2551,-0.0214],[52.1762,-0.4946]]},"properties":{"id":562,"group":"trails","name":null}},{"type":"Feature","geometry":{"type":"LineString","coordinates":[[49.6502,2.4523],[50.1111,2.2527],[51.2759,1.8875],[51.7218,1.3805],[52.4193,1.0601],[52.9061,0.7917],[53.4352,0.1664],[54.2269,0.6799],[54.7144,0.2399],[54.9634,-0.5602],[55.8064,-1.036],[57.0843,-1.0204],[57.5445,-0.7357]]},"properties":{"id":563,"group":"trails","name":"Molten track"}},{"type":"Feature","geometry":{"type":"LineString","coordinates":[[55.7876,-3.3537],[55.7486,-4.1902]]},"properties":{"id":564,"group":"trails","name":null}},{"type":"Feature","geometry":{"type":"LineString","coordinates":[[53.4352,0.1664],[53.2746,-0.312]]},"properties":{"id":565,"group":"trails","name":null}},{"type":"Feature","geometry":{"type":"LineString","coordinates":[[57.6817,-6.4501],[57.9345,-7.618]]},"properties":{"id":566,"group":"trails","name":null}},{"type":"Feature","geometry":{"type":"LineString","coordinates":[[56.1711,-2.2677],[55.7876,-3.3537]]},"properties":{"id":567,"group":"trails","name":null}},{"type":"Feature","geometry":{"type":"LineString","coordinates":[[60.5579,-23.961],[60.4084,-24.6545],[60.5963,-25.8803]]},"properties":{"id":568,"group":"trails","name":null}},{"type":"Feature","geometry":{"type":"LineString","coordinates":[[52.3601,2.5576],[51.2759,1.8875]]},"properties":{"id":569,"group":"trails","name":null}},{"type":"Feature","geometry":{"type":"LineString","coordinates":[[48.6402,5.0774],[49.2193,4.5698]]},"properties":{"id":570,"group":"trails","name":null}},{"type":"Feature","geometry":{"type":"LineString","coordinates":[[59.4724,-7.7116],[59.1188,-8.9816],[59.3658,-9.9371]]},"properties":{"id":571,"group":"trails","name":null}},{"type":"Feature","geometry":{"type":"LineString","coordinates":[[56.1711,-2.2677],[55.8064,-1.036]]},"properties":{"id":572,"group":"trails","name":null}},{"type":"Feature","geometry":{"type":"LineString","coordinates":[[57.4788,-5.3861],[58.1055,-5.9158]]},"properties":{"id":573,"group":"trails","name":null}},{"type":"Feature","geometry":{"type":"LineString","coordinates":[[59.23,-5.1814],[58.7542,-6.4644],[58.1055,-5.9158]]},"properties":{"id":574,"group":"trails","name":null}},{"type":"Feature","geometry":{"type":"LineString","coordinates":[[59.7155,-6.7829],[59.4724,-7.7116]]},"properties":{"id":575,"group":"trails","name":null}},{"type":"Feature","geometry":{"type":"LineString","coordinates":[[49.1296,5.4843],[49.2193,4.5698]]},"properties":{"id":576,"group":"trails","name":null}},{"type":"Feature","geometry":{"type":"LineString","coordinates":[[49.7185,7.195],[49.0835,6.8414]]},"properties":{"id":577,"group":"trails","name":null}},{"type":"Feature","geometry":{"type":"LineString","coordinates":[[48.6402,5.0774],[49.1296,5.4843]]},"properties":{"id":578,"group":"trails","name":null}},{"type":"Feature","geometry":{"type":"LineString","coordinates":[[56.1711,-2.2677],[56.4298,-2.8403],[57.5523,-3.3186],[58.6593,-3.5279]]},"properties":{"id":579,"group":"trails","name":"Zaberg trail"}},{"type":"Feature","geometry":{"type":"LineString","coordinates":[[51.9578,3.7574],[52.3601,2.5576]]},"properties":{"id":580,"group":"trails","name":null}},{"type":"Feature","geometry":{"type":"LineString","coordinates":[[58.7542,-6.4644],[59.7155,-6.7829],[60.632,-7.18]]},"properties":{"id":581,"group":"trails","name":null}},{"type":"Feature","geometry":{"type":"LineString","coordinates":[[59.23,-5.1814],[59.1643,-4.5132],[58.6593,-3.5279]]},"properties":{"id":582,"group":"trails","name":null}},{"type":"Feature","geometry":{"type":"LineString","coordinates":[[51.5372,4.9455],[51.7055,5.8288]]},"properties":{"id":583,"group":"trails","name":null}},{"type":"Feature","geometry":{"type":"LineString","coordinates":[[60.2674,-5.6233],[59.7155,-6.7829]]},"properties":{"id":584,"group":"trails","name":null}},{"type":"Feature","geometry":{"type":"LineString","coordinates":[[53.133,3.4331],[53.3208,3.9426],[53.7661,4.486],[53.9233,4.2669],[54.6371,3.2758],[55.7174,2.763],[56.2055,2.154],[56.7294,1.9824],[57.0388,3.3219],[57.8357,3.3941],[58.4733,3.3668],[58.8887,3.151],[59.111,2.8098],[60.3558,3.2127],[60.7808,3.8009],[61.4036,3.9023],[61.9151,4.2533],[62.2772,5.1327]]},"properties":{"id":585,"group":"trails","name":"Weilerbach trail"}},{"type":"Feature","geometry":{"type":"LineString","coordinates":[[50.6168,5.5948],[51.7055,5.8288]]},"properties":{"id":586,"group":"trails","name":null}},{"type":"Feature","geometry":{"type":"LineString","coordinates":[[49.7185,7.195],[49.4975,7.351],[49.1836,8.1569]]},"properties":{"id":587,"group":"trails","name":null}},{"type":"Feature","geometry":{"type":"LineString","coordinates":[[46.1929,10.9348],[46.8741,11.029],[47.5306,11.2325],[47.6275,10.5981],[46.4113,9.9274]]},"properties":{"id":588,"group":"trails","name":"Sparcyzanese trail"}},{"type":"Feature","geometry":{"type":"LineString","coordinates":[[42.3221,12.7475],[42.8727,12.7182],[43.251,12.3686]]},"properties":{"id":589,"group":"trails","name":null}},{"type":"Feature","geometry":{"type":"LineString","coordinates":[[59.23,-5.1814],[60.2674,-5.6233],[61.0097,-5.7936],[62.038,-6.454],[61.6623,-6.9044],[60.632,-7.18]]},"properties":{"id":590,"group":"trails","name":"Amphidrian pass"}},{"type":"Feature","geometry":{"type":"LineString","coordinates":[[60.4897,-4.3358],[59.23,-5.1814]]},"properties":{"id":591,"group":"trails","name":null}},{"type":"Feature","geometry":{"type":"LineString","coordinates":[[57.4808,0.3003],[57.5445,-0.7357]]},"properties":{"id":592,"group":"trails","name":null}},{"type":"Feature","geometry":{"type":"LineString","coordinates":[[-25.1413,-41.0105],[-24.6694,-41.277],[-24.5752,-41.7989],[-24.7591,-42.4567],[-26.1657,-43.3952]]},"properties":{"id":593,"group":"trails","name":"Ember pass"}},{"type":"Feature","geometry":{"type":"LineString","coordinates":[[-24.5752,-41.7989],[-25.1413,-41.0105]]},"properties":{"id":594,"group":"trails","name":null}},{"type":"Feature","geometry":{"type":"LineString","coordinates":[[55.7174,2.763],[55.0843,2.0714],[54.9107,1.5378],[54.2269,0.6799]]},"properties":{"id":595,"group":"trails","name":"Kaiontigost path"}},{"type":"Feature","geometry":{"type":"LineString","coordinates":[[59.1916,-1.8094],[58.7704,-2.4984],[58.6593,-3.5279]]},"properties":{"id":596,"group":"trails","name":null}},{"type":"Feature","geometry":{"type":"LineString","coordinates":[[44.3723,13.0237],[44.042,12.4563],[43.6794,12.3003],[43.251,12.3686]]},"properties":{"id":597,"group":"trails","name":"Epotian trail"}},{"type":"Feature","geometry":{"type":"LineString","coordinates":[[57.436,0.9125],[57.4808,0.3003]]},"properties":{"id":598,"group":"trails","name":null}},{"type":"Feature","geometry":{"type":"LineString","coordinates":[[53.5607,5.9594],[53.7661,4.486]]},"properties":{"id":599,"group":"trails","name":null}},{"type":"Feature","geometry":{"type":"LineString","coordinates":[[48.8657,10.2172],[48.1923,9.4776]]},"properties":{"id":600,"group":"trails","name":null}},{"type":"Feature","geometry":{"type":"LineString","coordinates":[[54.9029,5.1873],[53.7661,4.486]]},"properties":{"id":601,"group":"trails","name":null}},{"type":"Feature","geometry":{"type":"LineString","coordinates":[[48.8657,10.2172],[49.6249,8.9966]]},"properties":{"id":602,"group":"trails","name":null}},{"type":"Feature","geometry":{"type":"LineString","coordinates":[[59.1916,-1.8094],[59.2046,-0.7227],[58.8257,-0.2385],[57.5445,-0.7357]]},"properties":{"id":603,"group":"trails","name":"Sedenese trail"}},{"type":"Feature","geometry":{"type":"LineString","coordinates":[[51.7511,7.8534],[51.2792,6.7303]]},"properties":{"id":604,"group":"trails","name":null}},{"type":"Feature","geometry":{"type":"LineString","coordinates":[[42.3221,12.7475],[42.3397,13.8946],[42.1258,14.5615],[41.652,15.0399]]},"properties":{"id":605,"group":"trails","name":"Degean track"}},{"type":"Feature","geometry":{"type":"LineString","coordinates":[[50.2138,9.4691],[49.6249,8.9966]]},"properties":{"id":606,"group":"trails","name":null}},{"type":"Feature","geometry":{"type":"LineString","coordinates":[[60.4897,-4.3358],[61.3503,-4.1577],[62.0483,-4.3871]]},"properties":{"id":607,"group":"trails","name":null}},{"type":"Feature","geometry":{"type":"LineString","coordinates":[[60.1939,-1.6976],[59.1916,-1.8094]]},"properties":{"id":608,"group":"trails","name":null}},{"type":"Feature","geometry":{"type":"LineString","coordinates":[[48.6863,11.4378],[48.8657,10.2172]]},"properties":{"id":609,"group":"trails","name":null}},{"type":"Feature","geometry":{"type":"LineString","coordinates":[[60.1939,-1.6976],[60.608,-2.5179],[60.8095,-3.4311],[61.3503,-4.1577]]},"properties":{"id":610,"group":"trails","name":"Falcon pass"}},{"type":"Feature","geometry":{"type":"LineString","coordinates":[[56.7294,1.9824],[57.436,0.9125]]},"properties":{"id":611,"group":"trails","name":null}},{"type":"Feature","geometry":{"type":"LineString","coordinates":[[47.5306,11.2325],[48.6863,11.4378],[49.3337,12.325]]},"properties":{"id":612,"group":"trails","name":null}},{"type":"Feature","geometry":{"type":"LineString","coordinates":[[45.6592,11.4359],[46.6466,11.6647],[46.6505,13.1264],[47.6989,13.2044],[48.4205,12.9659],[49.3337,12.325]]},"properties":{"id":613,"group":"trails","name":"The Cobbled Bonionese pass"}},{"type":"Feature","geometry":{"type":"LineString","coordinates":[[60.608,-2.5179],[60.9967,-2.1221],[61.0942,-1.7847],[61.4321,-0.5739]]},"properties":{"id":614,"group":"trails","name":"Wiedengenman track"}},{"type":"Feature","geometry":{"type":"LineString","coordinates":[[44.3723,13.0237],[45.1185,13.4546],[45.814,13.686],[46.5043,13.9746],[46.6505,13.1264]]},"properties":{"id":615,"group":"trails","name":"Scidnaguan trail"}},{"type":"Feature","geometry":{"type":"LineString","coordinates":[[44.1942,15.253],[43.1925,16.0544],[42.9721,16.7154],[42.1584,17.4148],[41.9751,17.0645],[41.767,16.9351]]},"properties":{"id":616,"group":"trails","name":"Pedenan pass"}},{"type":"Feature","geometry":{"type":"LineString","coordinates":[[45.6378,14.6811],[45.814,13.686]]},"properties":{"id":617,"group":"trails","name":null}},{"type":"Feature","geometry":{"type":"LineString","coordinates":[[42.1258,14.5615],[43.1925,16.0544],[44.018,16.551],[45.0684,16.4113],[45.3914,15.7041],[45.2634,15.021]]},"properties":{"id":618,"group":"trails","name":"Bhryresmian track"}},{"type":"Feature","geometry":{"type":"LineString","coordinates":[[44.1942,15.253],[45.2634,15.021],[45.6378,14.6811],[46.2787,15.3265],[46.72,15.086],[46.5043,13.9746]]},"properties":{"id":619,"group":"trails","name":"Strameian track"}},{"type":"Feature","geometry":{"type":"LineString","coordinates":[[51.7511,7.8534],[52.0442,7.7299]]},"properties":{"id":620,"group":"trails","name":null}},{"type":"Feature","geometry":{"type":"LineString","coordinates":[[54.056,7.1521],[54.093,8.4513]]},"properties":{"id":621,"group":"trails","name":null}},{"type":"Feature","geometry":{"type":"LineString","coordinates":[[54.9029,5.1873],[55.5211,5.2971],[56.0449,5.5096],[56.6065,6.0771],[57.1896,6.8206],[57.6843,7.2879],[57.9085,6.8199],[58.2075,6.3156],[58.2556,5.7053],[58.3018,4.8759],[57.9156,4.2208],[57.8357,3.3941]]},"properties":{"id":622,"group":"trails","name":"Ember pass"}},{"type":"Feature","geometry":{"type":"LineString","coordinates":[[60.4071,1.1381],[59.462,0.6194],[58.8257,-0.2385]]},"properties":{"id":623,"group":"trails","name":null}},{"type":"Feature","geometry":{"type":"LineString","coordinates":[[50.2138,9.4691],[51.181,9.6388],[52.0124,10.3804],[52.9562,11.4268],[54.3777,11.4242],[54.0722,10.6066],[54.6741,9.5153],[55.289,10.2504],[56.1522,10.6072],[56.4779,10.3186],[57.2176,9.967],[57.7519,9.3541],[56.5812,8.7984],[56.9302,7.7845]]},"properties":{"id":624,"group":"trails","name":"Doniontioch trail"}},{"type":"Feature","geometry":{"type":"LineString","coordinates":[[61.3925,0.3029],[61.4321,-0.5739]]},"properties":{"id":625,"group":"trails","name":null}},{"type":"Feature","geometry":{"type":"LineString","coordinates":[[60.5053,1.8745],[60.4071,1.1381],[60.9421,0.8788],[61.3925,0.3029]]},"properties":{"id":626,"group":"trails","name":"The Serpentine Birischlinese trail"}},{"type":"Feature","geometry":{"type":"LineString","coordinates":[[50.8645,11.4866],[50.4836,12.1326],[50.4491,12.8567]]},"properties":{"id":627,"group":"trails","name":null}},{"type":"Feature","geometry":{"type":"LineString","coordinates":[[50.4836,12.1326],[49.3337,12.325]]},"properties":{"id":628,"group":"trails","name":null}},{"type":"Feature","geometry":{"type":"LineString","coordinates":[[54.472,9.1559],[54.093,8.4513]]},"properties":{"id":629,"group":"trails","name":null}},{"type":"Feature","geometry":{"type":"LineString","coordinates":[[46.2787,15.3265],[46.6304,15.9192],[46.7083,16.4555],[47.3986,16.8025],[47.8965,17.4603],[48.8007,17.5214]]},"properties":{"id":630,"group":"trails","name":"Thelepian trail"}},{"type":"Feature","geometry":{"type":"LineString","coordinates":[[50.8645,11.4866],[51.0725,10.8412],[51.6165,10.5279],[52.0124,10.3804]]},"properties":{"id":631,"group":"trails","name":"Itho path"}},{"type":"Feature","geometry":{"type":"LineString","coordinates":[[60.3558,3.2127],[60.5053,1.8745],[61.0786,2.0747]]},"properties":{"id":632,"group":"trails","name":null}},{"type":"Feature","geometry":{"type":"LineString","coordinates":[[54.472,9.1559],[54.6741,9.5153]]},"properties":{"id":633,"group":"trails","name":null}},{"type":"Feature","geometry":{"type":"LineString","coordinates":[[52.9562,11.4268],[52.8307,11.9812],[52.4342,12.2464],[52.0507,12.7072]]},"properties":{"id":634,"group":"trails","name":"Pithegaleran path"}},{"type":"Feature","geometry":{"type":"LineString","coordinates":[[50.75,13.6568],[50.4491,12.8567]]},"properties":{"id":635,"group":"trails","name":null}},{"type":"Feature","geometry":{"type":"LineString","coordinates":[[50.4836,12.1326],[51.1401,12.2782],[52.0507,12.7072]]},"properties":{"id":636,"group":"trails","name":null}},{"type":"Feature","geometry":{"type":"LineString","coordinates":[[46.7083,16.4555],[46.2514,16.8175],[45.7906,17.2718]]},"properties":{"id":637,"group":"trails","name":null}},{"type":"Feature","geometry":{"type":"LineString","coordinates":[[46.2514,16.8175],[45.0684,16.4113]]},"properties":{"id":638,"group":"trails","name":null}},{"type":"Feature","geometry":{"type":"LineString","coordinates":[[59.7435,5.2295],[59.3931,6.0374],[58.2556,5.7053]]},"properties":{"id":639,"group":"trails","name":null}},{"type":"Feature","geometry":{"type":"LineString","coordinates":[[50.75,13.6568],[51.2337,14.748],[50.2743,15.3167]]},"properties":{"id":640,"group":"trails","name":null}},{"type":"Feature","geometry":{"type":"LineString","coordinates":[[58.2075,6.3156],[58.7502,7.5511],[59.5413,7.7604],[60.0912,8.0698]]},"properties":{"id":641,"group":"trails","name":"Nyto trail"}},{"type":"Feature","geometry":{"type":"LineString","coordinates":[[54.4375,12.2022],[54.3777,11.4242],[54.7683,10.9868],[55.289,10.2504]]},"properties":{"id":642,"group":"trails","name":"Pacossian pass"}},{"type":"Feature","geometry":{"type":"LineString","coordinates":[[57.6843,7.2879],[58.7502,7.5511]]},"properties":{"id":643,"group":"trails","name":null}},{"type":"Feature","geometry":{"type":"LineString","coordinates":[[59.7435,5.2295],[60.4032,4.5347],[60.7808,3.8009]]},"properties":{"id":644,"group":"trails","name":null}},{"type":"Feature","geometry":{"type":"LineString","coordinates":[[54.4375,12.2022],[55.1051,12.1983]]},"properties":{"id":645,"group":"trails","name":null}},{"type":"Feature","geometry":{"type":"LineString","coordinates":[[54.4375,12.2022],[54.485,13.0276],[55.0635,13.8115]]},"properties":{"id":646,"group":"trails","name":null}},{"type":"Feature","geometry":{"type":"LineString","coordinates":[[54.1132,13.8706],[55.0635,13.8115],[55.0238,13.155],[54.4375,12.2022]]},"properties":{"id":647,"group":"trails","name":"Titan trail"}},{"type":"Feature","geometry":{"type":"LineString","coordinates":[[53.7732,15.0964],[54.1132,13.8706]]},"properties":{"id":648,"group":"trails","name":null}},{"type":"Feature","geometry":{"type":"LineString","coordinates":[[51.389,17.4648],[51.0224,16.8896],[50.4959,16.3281],[50.2743,15.3167]]},"properties":{"id":649,"group":"trails","name":"The Sacred Helegetian trail"}},{"type":"Feature","geometry":{"type":"LineString","coordinates":[[49.9577,18.6412],[48.8007,17.5214]]},"properties":{"id":650,"group":"trails","name":null}},{"type":"Feature","geometry":{"type":"LineString","coordinates":[[48.6525,19.1885],[49.4793,19.0345],[49.9577,18.6412],[50.4751,18.5333],[51.5548,18.6295],[52.1274,19.0039],[53.3644,18.9253],[53.6965,18.9896],[55.3754,19.3828]]},"properties":{"id":651,"group":"trails","name":"The Rustic Lektian trail"}},{"type":"Feature","geometry":{"type":"LineString","coordinates":[[53.4008,17.0593],[53.5945,16.5984],[53.5236,16.2176],[53.454,15.5397],[53.7732,15.0964]]},"properties":{"id":652,"group":"trails","name":"Tesmian trail"}},{"type":"Feature","geometry":{"type":"LineString","coordinates":[[51.5548,18.6295],[51.389,17.4648],[52.6429,17.2289],[53.4008,17.0593],[54.1489,17.1314],[55.005,16.6758],[56.1535,16.588],[56.6014,16.5471],[57.3287,15.9433],[57.6544,15.1562]]},"properties":{"id":653,"group":"trails","name":"The Shaky Akro trail"}},{"type":"Feature","geometry":{"type":"LineString","coordinates":[[55.0238,13.155],[55.5477,13.196],[56.4421,13.9037],[57.3996,14.1377],[57.2981,13.0946],[57.5985,12.221],[58.7451,11.263]]},"properties":{"id":654,"group":"trails","name":"Kousairian trail"}},{"type":"Feature","geometry":{"type":"LineString","coordinates":[[57.3996,14.1377],[57.6544,15.1562]]},"properties":{"id":655,"group":"trails","name":null}},{"type":"Feature","geometry":{"type":"LineString","coordinates":[[56.1535,16.588],[55.9858,15.888]]},"properties":{"id":656,"group":"trails","name":null}},{"type":"Feature","geometry":{"type":"LineString","coordinates":[[56.2185,18.2487],[55.8961,17.6124],[56.1535,16.588]]},"properties":{"id":657,"group":"trails","name":null}},{"type":"Feature","geometry":{"type":"LineString","coordinates":[[58.6215,16.6433],[58.4019,15.838],[57.6544,15.1562]]},"properties":{"id":658,"group":"trails","name":null}},{"type":"Feature","geometry":{"type":"LineString","coordinates":[[56.2185,18.2487],[56.9458,18.0654],[58.0847,18.5749],[58.513,18.3033],[58.8894,17.6553],[58.6215,16.6433]]},"properties":{"id":659,"group":"trails","name":"Traionese trail"}},{"type":"Feature","geometry":{"type":"LineString","coordinates":[[56.2185,18.2487],[55.6465,18.9422],[55.3754,19.3828]]},"properties":{"id":660,"group":"trails","name":null}},{"type":"Feature","geometry":{"type":"LineString","coordinates":[[58.4019,15.838],[59.6193,15.5325],[60.138,15.1828],[60.4227,14.7428],[60.9726,13.8628]]},"properties":{"id":661,"group":"trails","name":"Platinum trail"}},{"type":"Feature","geometry":{"type":"LineString","coordinates":[[60.1861,18.0166],[59.8462,18.69],[58.513,18.3033]]},"properties":{"id":662,"group":"trails","name":null}},{"type":"Feature","geometry":{"type":"LineString","coordinates":[[62.0653,19.3295],[61.0227,19.5973]]},"properties":{"id":663,"group":"trails","name":null}},{"type":"Feature","geometry":{"type":"LineString","coordinates":[[60.1861,18.0166],[61.0227,19.5973]]},"properties":{"id":664,"group":"trails","name":null}},{"type":"Feature","geometry":{"type":"LineString","coordinates":[[4.277,-24.4491],[4.7743,-24.1612],[4.29,-23.5607],[3.8044,-22.9582],[3.341,-22.7222],[2.8782,-22.4908],[2.2509,-21.9514],[1.586,-21.6823],[0.9152,-21.4152],[0.2347,-21.5738],[-0.1235,-21.2858],[-0.4881,-21.0012],[-0.741,-20.4799],[-1.521,-20.1809],[-2.041,-19.8624],[-2.0339,-19.3314],[-2.2412,-18.7692],[-2.5675,-18.3091],[-2.897,-17.8502],[-3.094,-17.7293],[-3.731,-17.6851],[-4.3719,-17.6364],[-4.9153,-17.5954],[-5.2195,-18.2051],[-5.5191,-18.8108],[-5.3696,-19.3483],[-5.3495,-20.0054],[-5.3254,-20.658],[-5.3852,-21.4334],[-5.057,-21.7668],[-4.7287,-22.1041],[-4.03,-22.9952],[-3.5061,-23.0933],[-2.9575,-23.2617],[-2.9308,-23.6757],[-2.8405,-24.2431],[-2.236,-24.9191],[-1.7206,-25.0224],[-1.3247,-25.0731]]},"properties":{"id":665,"group":"searoutes","name":"Arevenvevenese lane"}},{"type":"Feature","geometry":{"type":"LineString","coordinates":[[-2.9308,-23.6757],[-2.4063,-23.4268],[-2.2666,-23.2181]]},"properties":{"id":666,"group":"searoutes","name":null}},{"type":"Feature","geometry":{"type":"LineString","coordinates":[[4.7743,-24.1612],[5.4574,-24.7117],[6.0508,-25.2265],[6.1698,-25.9343],[6.1074,-26.5751],[6.448,-26.8819],[6.786,-27.1861],[6.8965,-27.7658],[7.0025,-28.3475],[7.2215,-28.9942],[7.4399,-29.6344],[6.7548,-30.0569],[6.1815,-29.8717],[5.6049,-29.6871],[5.2364,-29.949],[5.2845,-30.6516],[5.3281,-31.3549],[4.9855,-31.6915],[4.639,-32.0334],[4.303,-32.5495],[3.588,-32.621],[3.2143,-32.179],[2.665,-32.2115],[1.924,-31.7955],[1.7388,-31.3451],[1.0836,-31.0572],[0.8775,-30.5671],[0.6728,-30.0777],[0.0215,-30.1681],[-0.4518,-30.4202],[-0.988,-30.4306],[-1.519,-30.4423],[-1.8401,-29.8899]]},"properties":{"id":667,"group":"searoutes","name":"Bleddan route"}},{"type":"Feature","geometry":{"type":"LineString","coordinates":[[5.4385,-29.2627],[5.6049,-29.6871]]},"properties":{"id":668,"group":"searoutes","name":null}},{"type":"Feature","geometry":{"type":"LineString","coordinates":[[4.9855,-31.6915],[5.161,-32.0945],[5.6882,-32.1608],[6.0275,-32.1309],[6.8445,-32.2635],[7.6576,-32.3928],[7.7847,-32.6823],[7.9401,-32.9586],[8.06,-33.2514]]},"properties":{"id":669,"group":"searoutes","name":"The Shaky Astral lane"}},{"type":"Feature","geometry":{"type":"LineString","coordinates":[[10.6769,-31.9847],[10.2297,-31.8787],[9.7825,-31.971],[9.3334,-32.0679],[8.4799,-32.0575],[7.6576,-32.3928]]},"properties":{"id":670,"group":"searoutes","name":"Balister route"}},{"type":"Feature","geometry":{"type":"LineString","coordinates":[[5.6882,-32.1608],[5.7395,-32.699],[5.7869,-33.2365],[5.564,-33.6784]]},"properties":{"id":671,"group":"searoutes","name":"Egweralloch passage"}},{"type":"Feature","geometry":{"type":"LineString","coordinates":[[3.588,-32.621],[3.2045,-33.0889],[2.4466,-33.7889],[1.898,-34.3732],[1.768,-34.9023],[1.6347,-35.4359],[1.4105,-35.9292],[1.1817,-36.4167],[1.0251,-37.0907],[1.0075,-37.6321],[1.4235,-38.3405],[1.846,-38.5199],[2.4505,-38.763],[3.0609,-39.0048],[3.4138,-38.7181]]},"properties":{"id":672,"group":"searoutes","name":"Aberpenner route"}},{"type":"Feature","geometry":{"type":"LineString","coordinates":[[-1.261,-40.0187],[-0.8365,-39.9173],[-0.91,-39.3869],[-0.3965,-39.3024],[0.0416,-38.6843],[0.52,-38.425],[0.9945,-38.167],[1.0075,-37.6321]]},"properties":{"id":673,"group":"searoutes","name":"Phoenix route"}},{"type":"Feature","geometry":{"type":"LineString","coordinates":[[9.7825,-31.971],[9.8869,-32.1987],[10.0175,-32.4134],[10.1153,-32.6444],[10.1652,-32.9368],[10.33,-33.1974],[10.3513,-33.4977],[10.5255,-33.7116],[10.5754,-33.9535],[10.7419,-34.1558],[10.7627,-34.4077]]},"properties":{"id":674,"group":"searoutes","name":"Dragon lane"}},{"type":"Feature","geometry":{"type":"LineString","coordinates":[[-1.0835,-40.2793],[-0.8365,-39.9173]]},"properties":{"id":675,"group":"searoutes","name":null}},{"type":"Feature","geometry":{"type":"LineString","coordinates":[[-2.236,-24.9191],[-2.1775,-25.3025],[-2.6351,-25.5853],[-3.1915,-25.6405],[-3.8025,-26.2255],[-4.3498,-26.6499],[-4.9855,-27.1419],[-5.0889,-27.7314],[-5.7915,-28.0388],[-6.4922,-28.3469],[-6.7516,-28.7655],[-7.449,-28.5068],[-8.463,-28.9357],[-8.7867,-29.6247],[-9.438,-30.0478],[-10.192,-30.1772],[-10.842,-30.8726],[-11.2515,-31.3731],[-11.7591,-31.3074],[-12.246,-31.3796],[-12.7374,-31.4543],[-13.104,-31.1586],[-13.6955,-31.3471],[-13.9126,-31.8332],[-14.4235,-32.296],[-14.9305,-32.7536],[-15.1905,-33.3879],[-15.4531,-34.0203],[-15.2945,-34.4603],[-15.665,-34.4993],[-15.8782,-34.979],[-16.4418,-35.3794],[-16.536,-35.8902],[-16.6309,-36.3991],[-16.991,-36.9886],[-17.3518,-37.584],[-17.2763,-38.0786],[-16.6595,-38.3015],[-16.0453,-38.5193],[-15.678,-38.9905],[-15.3159,-39.4604],[-15.0145,-39.4063],[-14.7212,-39.3138],[-14.4176,-39.2693],[-14.3256,-39.4363],[-14.107,-39.4907],[-14.0465,-39.6859],[-13.9609,-39.8561],[-13.7307,-39.8993],[-13.6812,-40.1012],[-13.6767,-40.3084],[-13.6079,-40.5092],[-13.6194,-40.718],[-13.39,-41.2783],[-13.156,-41.8379],[-12.8186,-42.0067],[-12.4633,-42.1372],[-12.1303,-42.3156],[-12.007,-42.6285],[-11.7166,-42.8459],[-11.635,-43.1826],[-11.268,-43.1143],[-10.9156,-42.983],[-10.5449,-42.9305],[-9.7552,-42.8284],[-9.204,-42.7927],[-8.6508,-42.753],[-8.6515,-42.2662],[-8.6587,-41.7833],[-8.71,-41.2588],[-8.0321,-40.9182],[-7.566,-41.4083],[-7.1032,-41.9022],[-6.9434,-41.6526],[-6.8091,-41.3876],[-6.643,-41.1418],[-6.6629,-40.8276],[-6.8024,-40.5327],[-6.7925,-40.2137]]},"properties":{"id":676,"group":"searoutes","name":"Duibronver route"}},{"type":"Feature","geometry":{"type":"LineString","coordinates":[[9.7825,-31.971],[9.802,-31.5615],[10.2681,-31.05],[10.1803,-30.5749],[10.6561,-29.8515],[10.7659,-29.5551],[11.4329,-29.5506],[12.155,-29.4557],[12.8713,-29.3654],[13.5278,-29.106],[14.1245,-29.1242],[14.7251,-29.1379],[15.3075,-29.2282],[15.3959,-29.7293],[15.2173,-29.9305],[15.0195,-30.1128],[15.1212,-30.6593],[15.1144,-31.2151],[15.7113,-31.5593],[16.2455,-31.9944],[16.5348,-32.0393],[16.8307,-31.9722],[17.1184,-32.0451],[17.2301,-32.3121],[17.4419,-32.5251],[17.5286,-32.8055],[17.713,-32.8773],[17.9232,-32.8363],[18.1012,-32.9362],[18.3311,-33.0707],[18.6087,-33.098],[18.8266,-33.2592],[19.28,-33.5287],[19.7884,-33.6925],[20.228,-33.9885]]},"properties":{"id":677,"group":"searoutes","name":"The Breezy Queen route"}},{"type":"Feature","geometry":{"type":"LineString","coordinates":[[-11.7591,-31.3074],[-11.817,-31.8644]]},"properties":{"id":678,"group":"searoutes","name":null}},{"type":"Feature","geometry":{"type":"LineString","coordinates":[[20.1929,-26.9411],[20.4016,-26.9097],[20.594,-26.9963],[20.611,-26.544],[20.5914,-26.0915],[20.6011,-25.6392],[20.2026,-24.8437],[19.591,-24.9646],[18.9729,-25.0848],[18.3267,-25.1049],[17.8425,-24.9841],[17.1886,-25.5521],[16.6114,-26.1299],[16.031,-26.4796],[15.9705,-26.9859],[15.912,-27.4896],[15.561,-28.1038],[15.2165,-28.7232],[15.3075,-29.2282]]},"properties":{"id":679,"group":"searoutes","name":"Rockingham route"}},{"type":"Feature","geometry":{"type":"LineString","coordinates":[[20.6011,-25.6392],[21.255,-25.504],[21.9108,-25.374],[22.2742,-25.9323]]},"properties":{"id":680,"group":"searoutes","name":"Rockingtonese lane"}},{"type":"Feature","geometry":{"type":"LineString","coordinates":[[-17.2763,-38.0786],[-17.7346,-38.2021],[-17.6075,-38.5908],[-17.4523,-38.9698],[-17.3322,-39.3609],[-17.0844,-39.4427],[-16.9,-39.6274]]},"properties":{"id":681,"group":"searoutes","name":"Wild route"}},{"type":"Feature","geometry":{"type":"LineString","coordinates":[[21.9108,-25.374],[22.932,-25.088],[23.4864,-25.4],[23.7107,-25.7633]]},"properties":{"id":682,"group":"searoutes","name":"Manchwark route"}},{"type":"Feature","geometry":{"type":"LineString","coordinates":[[23.4864,-25.4],[24.024,-24.8086],[24.7442,-25.1108],[25.3656,-25.4117],[25.4861,-25.6689],[25.6325,-25.9131],[25.7465,-26.1735],[25.6827,-26.3762],[25.7346,-26.5983],[25.6418,-26.7961]]},"properties":{"id":683,"group":"searoutes","name":"Phoenix route"}},{"type":"Feature","geometry":{"type":"LineString","coordinates":[[26.4777,-25.3922],[26.5785,-25.0815],[25.8596,-25.0276],[25.3656,-25.4117]]},"properties":{"id":684,"group":"searoutes","name":"Spike route"}},{"type":"Feature","geometry":{"type":"LineString","coordinates":[[-8.1841,2.1475],[-7.9969,1.8615],[-8.645,1.2154],[-9.347,1.7484],[-9.4919,2.2521],[-10.075,2.1839],[-10.6561,2.1104],[-10.7711,2.5517]]},"properties":{"id":685,"group":"searoutes","name":"Snovskan route"}},{"type":"Feature","geometry":{"type":"LineString","coordinates":[[-2.4063,-23.4268],[-2.9575,-23.2617]]},"properties":{"id":686,"group":"searoutes","name":null}},{"type":"Feature","geometry":{"type":"LineString","coordinates":[[26.5785,-25.0815],[27.2974,-25.1316],[27.469,-24.6591],[27.6348,-24.1833],[28.015,-23.6192],[28.3913,-23.0498],[28.4505,-22.5142],[28.5051,-21.9832],[28.6396,-21.4834],[28.301,-20.8114],[27.9656,-20.1354],[28.2418,-19.4653],[28.1515,-18.8095],[28.2555,-18.608],[27.8915,-17.8281],[27.495,-17.3796],[26.9048,-17.3926],[26.5324,-16.9695],[26.0585,-16.9247],[25.5879,-16.8753],[25.2921,-16.1629],[24.9145,-15.6963],[24.5401,-15.2296],[24.2905,-14.6498],[24.7455,-13.7204],[25.4423,-13.3642],[25.6971,-12.6227],[25.779,-11.9526],[25.8629,-11.287],[26.0845,-10.7956],[26.3016,-10.3075],[26.0299,-9.7206],[25.623,-9.3008],[25.2167,-8.8815],[25.0835,-8.3128],[25.779,-7.6369],[26.288,-7.0753],[26.2405,-6.363],[26.1905,-5.6448],[25.7855,-5.1541],[25.1459,-4.9026],[24.492,-4.6081],[24.3074,-4.1564],[24.0955,-3.5539],[23.7965,-3.2107],[23.4943,-2.8702],[22.88,-2.8013],[22.607,-2.0863],[22.9457,-1.4422],[22.6193,-0.8098],[23.0945,-0.6044],[23.5723,-0.3971],[23.749,0.1281],[23.0945,0.585],[22.4426,1.0477],[21.9765,1.2089],[21.4955,1.9109],[20.9495,2.1709],[19.9745,2.4568],[19.1165,2.5283],[18.4249,3.0821],[18.3495,3.5552],[18.2748,4.0278],[17.693,3.9647],[17.1152,3.8971],[16.536,3.9257],[15.9549,3.9511],[15.6065,4.2637],[15.2568,4.577],[14.8005,4.5237],[14.4885,5.2191],[14.144,5.8431],[13.6526,5.7248],[13.195,5.4596],[12.7367,5.1886],[12.3435,4.8811],[11.9451,4.577],[11.1332,4.7018],[10.543,4.8356],[9.9541,4.9669],[9.516,4.5952],[9.0746,4.2182],[8.5085,3.9842],[7.644,4.3547],[7.3463,4.9715],[6.8445,4.7902],[6.3401,4.6088],[6.1035,4.1727],[5.8682,3.7385],[5.4015,3.6787],[4.9348,3.617],[4.42,3.4578],[3.9039,3.294],[3.2695,3.5617],[2.6338,3.8276],[2.1645,3.7957],[1.5015,4.2897],[1.3013,4.8174],[0.559,4.9006],[-0.1853,4.9838],[-0.7079,4.3202],[-1.2883,4.7979],[-1.794,4.5107],[-2.3017,4.2201],[-2.7885,3.8932],[-3.2799,3.5663],[-3.5295,2.9508],[-3.7752,2.3405],[-3.965,1.6509],[-4.1496,0.9593],[-4.511,0.6259],[-5.0576,0.4946],[-5.733,0.416],[-6.4103,0.3315],[-6.721,0.9684],[-7.0297,1.6047],[-7.514,1.7354],[-7.9969,1.8615]]},"properties":{"id":687,"group":"searoutes","name":"Tranquil route"}},{"type":"Feature","geometry":{"type":"LineString","coordinates":[[27.2974,-25.1316],[27.8596,-25.0399],[28.0194,-25.1851],[28.198,-25.3078],[28.353,-25.4585]]},"properties":{"id":688,"group":"searoutes","name":"Nostoliganese water way"}},{"type":"Feature","geometry":{"type":"LineString","coordinates":[[-2.3017,4.2201],[-2.5441,4.6316]]},"properties":{"id":689,"group":"searoutes","name":null}},{"type":"Feature","geometry":{"type":"LineString","coordinates":[[1.5041,4.9871],[1.3013,4.8174]]},"properties":{"id":690,"group":"searoutes","name":null}},{"type":"Feature","geometry":{"type":"LineString","coordinates":[[2.6338,3.8276],[2.7475,4.3287]]},"properties":{"id":691,"group":"searoutes","name":null}},{"type":"Feature","geometry":{"type":"LineString","coordinates":[[0.3166,6.0296],[0.3828,5.6502],[0.4855,5.2785],[0.559,4.9006]]},"properties":{"id":692,"group":"searoutes","name":"Frost passage"}},{"type":"Feature","geometry":{"type":"LineString","coordinates":[[30.5994,-19.6909],[30.8672,-19.1897],[30.2003,-18.7855],[29.51,-18.855],[28.8151,-18.9285],[28.2555,-18.608]]},"properties":{"id":693,"group":"searoutes","name":"Dodbran route"}},{"type":"Feature","geometry":{"type":"LineString","coordinates":[[27.8915,-17.8281],[28.0891,-17.3673],[28.4876,-17.0033]]},"properties":{"id":694,"group":"searoutes","name":null}},{"type":"Feature","geometry":{"type":"LineString","coordinates":[[28.8151,-18.9285],[29.1785,-18.3871],[29.5399,-17.8431],[30.1145,-17.6136],[30.6832,-17.3796],[31.226,-17.3276],[31.7649,-17.2808],[32.279,-16.8987],[32.7873,-16.5185],[32.4636,-15.7652],[31.8864,-15.7938],[31.356,-15.7548],[30.8282,-15.7138],[30.3875,-15.9238],[29.9448,-16.1337],[29.5568,-16.354]]},"properties":{"id":695,"group":"searoutes","name":"The Sacred New route"}},{"type":"Feature","geometry":{"type":"LineString","coordinates":[[25.402,-15.3063],[24.9145,-15.6963]]},"properties":{"id":696,"group":"searoutes","name":null}},{"type":"Feature","geometry":{"type":"LineString","coordinates":[[28.6396,-21.4834],[29.1447,-21.1409]]},"properties":{"id":697,"group":"searoutes","name":null}},{"type":"Feature","geometry":{"type":"LineString","coordinates":[[28.5051,-21.9832],[28.8145,-22.3843],[29.2815,-22.2089],[29.737,-22.0044],[30.2068,-21.8363]]},"properties":{"id":698,"group":"searoutes","name":"Scarlet water way"}},{"type":"Feature","geometry":{"type":"LineString","coordinates":[[7.3463,4.9715],[7.5788,5.1816],[7.7896,5.4144],[8.0275,5.6188]]},"properties":{"id":699,"group":"searoutes","name":"Dunazujheresz route"}},{"type":"Feature","geometry":{"type":"LineString","coordinates":[[0.3166,6.0296],[0.5209,6.492],[0.6117,6.9966],[0.8443,7.4484],[0.8846,7.7556],[0.8019,8.0665],[0.8729,8.3727],[0.9092,8.6787],[0.8203,8.9868],[0.8879,9.2924]]},"properties":{"id":700,"group":"searoutes","name":"Azalom route"}},{"type":"Feature","geometry":{"type":"LineString","coordinates":[[-10.4676,5.5298],[-10.8125,5.401],[-11.0833,5.143],[-11.4134,4.9884],[-11.7077,4.738],[-11.8912,4.3916],[-12.1634,4.122],[-11.991,3.612],[-11.6874,3.1627],[-11.4887,2.6648],[-11.4264,2.3899],[-11.3298,2.1247],[-11.2606,1.8517],[-12.1478,1.8595],[-12.6035,1.5924],[-13.52,2.0604],[-13.9828,2.7981],[-14.521,3.0158],[-15.054,3.2316],[-15.0036,3.4305],[-14.9806,3.6353],[-14.9234,3.8328],[-14.9301,4.0695],[-15.0494,4.2893],[-15.028,4.5302]]},"properties":{"id":701,"group":"searoutes","name":"Luchivanese lane"}},{"type":"Feature","geometry":{"type":"LineString","coordinates":[[-10.6561,2.1104],[-11.2606,1.8517]]},"properties":{"id":702,"group":"searoutes","name":null}},{"type":"Feature","geometry":{"type":"LineString","coordinates":[[-17.7346,-38.2021],[-18.1252,-37.478],[-18.4099,-37.2363],[-19.0385,-36.3777],[-20.0395,-36.6182],[-20.4106,-37.0179],[-20.969,-37.1901],[-21.5306,-37.3571],[-22.0564,-37.5105],[-22.542,-37.5086],[-23.0295,-37.5092],[-23.8713,-37.5781],[-24.6285,-37.3071],[-25.3825,-37.04],[-25.6789,-37.1505],[-26.247,-37.1251],[-26.2124,-37.5167],[-26.149,-37.9053],[-26.1215,-38.2976],[-26.0117,-38.6355],[-25.7936,-38.9279],[-25.7107,-39.2771],[-25.7153,-39.6156],[-25.6011,-39.9451],[-25.6354,-40.2858],[-25.4859,-40.5381],[-25.2392,-40.7181],[-25.114,-40.9884]]},"properties":{"id":703,"group":"searoutes","name":"Anverbegwian passage"}},{"type":"Feature","geometry":{"type":"LineString","coordinates":[[28.8145,-22.3843],[29.1207,-22.784],[29.1746,-23.1122]]},"properties":{"id":704,"group":"searoutes","name":null}},{"type":"Feature","geometry":{"type":"LineString","coordinates":[[28.8145,-22.3843],[28.4505,-22.5142]]},"properties":{"id":705,"group":"searoutes","name":null}},{"type":"Feature","geometry":{"type":"LineString","coordinates":[[1.4235,-38.3405],[0.9945,-38.167]]},"properties":{"id":706,"group":"searoutes","name":null}},{"type":"Feature","geometry":{"type":"LineString","coordinates":[[33.4828,-20.8322],[33.347,-20.4214],[33.9033,-20.0568],[33.9638,-19.8001]]},"properties":{"id":707,"group":"searoutes","name":"The Shaky Queen route"}},{"type":"Feature","geometry":{"type":"LineString","coordinates":[[30.8672,-19.1897],[31.3235,-18.907],[31.7856,-18.623],[32.2335,-18.855],[32.6775,-19.0825],[33.0135,-19.752],[33.347,-20.4214]]},"properties":{"id":708,"group":"searoutes","name":"Spike lane"}},{"type":"Feature","geometry":{"type":"LineString","coordinates":[[32.7854,-10.0105],[33.4373,-9.7369],[33.5758,-10.2718],[33.6765,-10.8281],[32.968,-11.4716],[32.1626,-11.5541],[31.9085,-11.9786],[31.6505,-12.4017],[30.7931,-12.6123],[30.7067,-12.8391],[30.277,-13.246],[29.8512,-13.6554],[29.6595,-14.2599],[29.4613,-14.8585],[29.705,-15.4948],[29.9448,-16.1337]]},"properties":{"id":709,"group":"searoutes","name":"Wodgean route"}},{"type":"Feature","geometry":{"type":"LineString","coordinates":[[31.7856,-18.623],[31.7785,-17.9516],[31.7649,-17.2808]]},"properties":{"id":710,"group":"searoutes","name":null}},{"type":"Feature","geometry":{"type":"LineString","coordinates":[[32.7873,-16.5185],[33.5055,-16.9585],[34.3772,-16.8447],[34.8465,-17.2302],[35.3151,-17.6208],[35.906,-17.9191],[36.4962,-18.2135],[36.8615,-18.972],[36.387,-20.1289],[36.088,-20.7399],[36.4234,-21.2943],[36.179,-21.837],[36.0945,-22.4622],[36.0035,-23.0927],[35.44,-23.2318]]},"properties":{"id":711,"group":"searoutes","name":"Bostonsey route"}},{"type":"Feature","geometry":{"type":"LineString","coordinates":[[35.4049,-20.088],[35.752,-20.1796],[35.6148,-19.7968]]},"properties":{"id":712,"group":"searoutes","name":null}},{"type":"Feature","geometry":{"type":"LineString","coordinates":[[36.387,-20.1289],[35.752,-20.1796]]},"properties":{"id":713,"group":"searoutes","name":null}},{"type":"Feature","geometry":{"type":"LineString","coordinates":[[30.0248,-2.2189],[30.4974,-2.2404],[31.0375,-2.7623],[31.5783,-3.2881],[31.512,-3.8087],[31.4457,-4.3286],[31.967,-4.5561],[32.4883,-4.7791],[32.682,-5.3296],[32.877,-5.8814],[33.592,-6.2622],[33.3385,-6.9401],[33.787,-7.1494],[34.2362,-7.3522],[34.294,-7.9294],[33.7935,-8.6118],[33.239,-8.7282],[33.3385,-9.2358],[33.4373,-9.7369]]},"properties":{"id":714,"group":"searoutes","name":"Tranquil passage"}},{"type":"Feature","geometry":{"type":"LineString","coordinates":[[19.9745,2.4568],[20.4844,3.0972],[21.0145,3.721],[21.4722,3.8511],[21.9473,3.877],[22.0603,4.4008],[22.2755,4.8915],[22.8989,4.9888],[23.4962,5.1918],[23.4161,5.5004],[23.2355,5.7631],[23.2811,6.1886],[23.2146,6.6186],[23.2882,7.0429],[23.0543,7.2811],[22.7463,7.433],[22.531,7.6928],[22.647,8.0511],[22.6507,8.4365],[22.7949,8.788],[22.4389,9.0905],[22.0127,9.2991],[21.6743,9.6251],[21.4346,9.8808],[21.1153,10.0479],[20.8956,10.3258],[20.7812,10.6652],[20.5557,10.9564],[20.4692,11.3078],[20.2852,11.3871]]},"properties":{"id":715,"group":"searoutes","name":"Halcyon passage"}},{"type":"Feature","geometry":{"type":"LineString","coordinates":[[14.963,5.9341],[14.7989,5.9641],[14.6321,5.964],[14.144,5.8431]]},"properties":{"id":716,"group":"searoutes","name":"Hadisujs route"}},{"type":"Feature","geometry":{"type":"LineString","coordinates":[[32.8718,-8.3687],[33.239,-8.7282]]},"properties":{"id":717,"group":"searoutes","name":null}},{"type":"Feature","geometry":{"type":"LineString","coordinates":[[35.906,-17.9191],[35.672,-17.3406],[35.8644,-17.4602]]},"properties":{"id":718,"group":"searoutes","name":null}},{"type":"Feature","geometry":{"type":"LineString","coordinates":[[33.6765,-10.8281],[34.6847,-11.1284],[35.7435,-11.0264],[37.2125,-10.8931],[37.3562,-10.0755],[37.908,-9.9637],[38.4566,-9.8545],[38.9545,-9.5282],[39.4504,-9.1955],[40.0231,-9.2982]]},"properties":{"id":719,"group":"searoutes","name":"Shadowy water way"}},{"type":"Feature","geometry":{"type":"LineString","coordinates":[[33.3385,-6.9401],[32.9082,-7.1286]]},"properties":{"id":720,"group":"searoutes","name":null}},{"type":"Feature","geometry":{"type":"LineString","coordinates":[[26.2405,-6.363],[26.8827,-6.1544]]},"properties":{"id":721,"group":"searoutes","name":null}},{"type":"Feature","geometry":{"type":"LineString","coordinates":[[34.0971,-30.2109],[34.4035,-29.9683],[34.6008,-29.6244],[34.8855,-29.3615],[35.2693,-29.2696],[35.5982,-29.0418],[35.971,-28.9227],[36.3801,-28.6573],[36.7686,-28.3622],[37.1735,-28.0908],[37.4088,-28.5282],[37.52,-29.0547],[37.6155,-29.6312],[37.7123,-30.2051],[37.2807,-30.0998]]},"properties":{"id":722,"group":"searoutes","name":"The Cracked Solar route"}},{"type":"Feature","geometry":{"type":"LineString","coordinates":[[34.0971,-30.2109],[33.7527,-30.2597],[33.4356,-30.4263],[33.0843,-30.4456],[32.8721,-30.767],[32.7678,-31.1478],[32.5286,-31.4543],[32.457,-31.6229],[32.5072,-31.82],[32.4051,-31.9814]]},"properties":{"id":723,"group":"searoutes","name":"Marshbury route"}},{"type":"Feature","geometry":{"type":"LineString","coordinates":[[-15.054,3.2316],[-15.626,3.7762],[-16.523,3.6982],[-16.848,3.0808],[-17.173,2.6908],[-17.4928,2.2963],[-18.2455,2.3203],[-19.0047,2.347],[-19.4675,2.7558],[-19.9277,3.1692],[-20.358,3.5812],[-20.5465,4.4002],[-20.3015,4.8109],[-20.371,5.4401],[-20.4464,6.0738],[-20.9183,6.2987],[-20.8,7.117],[-20.6771,7.9314],[-20.215,8.0529],[-20.0005,8.7288],[-20.2559,9.282],[-19.9225,9.7558],[-19.5884,10.2335],[-18.9807,10.2985],[-18.6407,9.8377]]},"properties":{"id":724,"group":"searoutes","name":"The Shaky Grand route"}},{"type":"Feature","geometry":{"type":"LineString","coordinates":[[36.0035,-23.0927],[36.439,-23.5802],[36.8687,-24.067],[37.0825,-24.5876],[37.3003,-25.114],[37.1086,-25.3628],[36.9426,-25.6304],[36.7445,-25.8745]]},"properties":{"id":725,"group":"searoutes","name":"Ebon route"}},{"type":"Feature","geometry":{"type":"LineString","coordinates":[[37.3003,-25.114],[37.6935,-25.5885],[38.0822,-26.0584],[37.9438,-26.3951],[38.0517,-27.1867],[37.4985,-27.4149],[36.9427,-27.6482],[36.6177,-27.4487]]},"properties":{"id":726,"group":"searoutes","name":"Tinmouth route"}},{"type":"Feature","geometry":{"type":"LineString","coordinates":[[43.0294,-24.3523],[42.7739,-24.8957],[42.263,-24.3991],[41.7514,-23.9019],[40.9181,-23.8317],[40.3598,-24.4374],[39.7709,-25.155],[39.2405,-25.4],[38.7121,-25.6509],[38.0822,-26.0584]]},"properties":{"id":727,"group":"searoutes","name":"Biverley route"}},{"type":"Feature","geometry":{"type":"LineString","coordinates":[[36.9427,-27.6482],[37.1735,-28.0908]]},"properties":{"id":728,"group":"searoutes","name":null}},{"type":"Feature","geometry":{"type":"LineString","coordinates":[[41.4258,-18.5872],[40.9955,-18.7166],[41.448,-18.9653],[41.8866,-19.2378]]},"properties":{"id":729,"group":"searoutes","name":"Silvered route"}},{"type":"Feature","geometry":{"type":"LineString","coordinates":[[36.4962,-18.2135],[36.894,-17.8216],[37.2931,-17.4349],[37.9912,-17.5668],[38.5567,-17.767],[39.7111,-17.5285],[40.352,-18.1206],[40.9955,-18.7166],[40.365,-19.193],[40.248,-19.9794],[40.7589,-20.2843],[40.69,-20.8114],[41.2425,-21.4288],[41.8594,-21.5159],[42.2123,-21.5237]]},"properties":{"id":730,"group":"searoutes","name":"Hatonese route"}},{"type":"Feature","geometry":{"type":"LineString","coordinates":[[37.7123,-30.2051],[37.4504,-30.3793]]},"properties":{"id":731,"group":"searoutes","name":null}},{"type":"Feature","geometry":{"type":"LineString","coordinates":[[43.6118,-18.7153],[43.2853,-18.7934],[43.015,-19.0023],[42.6998,-19.1066],[42.4198,-19.095],[42.1622,-19.2218],[41.8866,-19.2378]]},"properties":{"id":732,"group":"searoutes","name":"Wild route"}},{"type":"Feature","geometry":{"type":"LineString","coordinates":[[37.7123,-30.2051],[38.5125,-30.4521],[38.662,-30.9181],[38.8076,-31.3776],[38.9025,-31.828],[38.9955,-32.2745],[39.221,-32.6795],[39.4401,-33.085],[39.4615,-33.6219],[39.4823,-34.1581],[39.4751,-35.0329],[39.4777,-35.7303],[39.715,-36.2867],[39.0267,-36.3699]]},"properties":{"id":733,"group":"searoutes","name":"Thunder water way"}},{"type":"Feature","geometry":{"type":"LineString","coordinates":[[-18.9807,10.2985],[-19.3375,10.6917],[-19.2465,11.6601],[-18.8051,12.2282],[-19.2465,12.5765],[-19.6853,12.9236],[-19.8705,13.519],[-19.565,14.3379],[-19.0755,14.5706],[-19.1945,15.1374],[-18.7538,15.2478]]},"properties":{"id":734,"group":"searoutes","name":"Pereretsk route"}},{"type":"Feature","geometry":{"type":"LineString","coordinates":[[-18.9377,9.6836],[-18.9807,10.2985]]},"properties":{"id":735,"group":"searoutes","name":null}},{"type":"Feature","geometry":{"type":"LineString","coordinates":[[41.8594,-21.5159],[41.795,-22.1763],[41.7345,-22.8366],[41.743,-23.3722],[41.7514,-23.9019]]},"properties":{"id":736,"group":"searoutes","name":"Burning route"}},{"type":"Feature","geometry":{"type":"LineString","coordinates":[[43.6118,-18.7153],[43.8174,-18.5905],[43.9518,-18.3748],[44.1753,-18.2727],[44.3801,-18.3888],[44.6297,-18.3965],[44.8233,-18.5398]]},"properties":{"id":737,"group":"searoutes","name":"The Obscure Whirlwind lane"}},{"type":"Feature","geometry":{"type":"LineString","coordinates":[[37.2125,-10.8931],[37.0727,-11.7101],[37.2151,-12.2918],[37.7325,-12.661],[38.2915,-13.2395],[39.0195,-12.9964],[39.2665,-13.6294],[39.5083,-14.2605],[40.066,-14.5537],[40.6536,-15.1939],[40.8735,-14.9026],[41.1105,-14.6252],[41.6648,-14.6627],[42.2058,-14.7889],[42.7628,-14.8509],[43.3023,-15.0021]]},"properties":{"id":738,"group":"searoutes","name":"Laonian water way"}},{"type":"Feature","geometry":{"type":"LineString","coordinates":[[42.7739,-24.8957],[42.9312,-25.3903],[43.6313,-25.337]]},"properties":{"id":739,"group":"searoutes","name":null}},{"type":"Feature","geometry":{"type":"LineString","coordinates":[[44.2721,-15.4837],[43.8078,-15.2015],[43.3023,-15.0021]]},"properties":{"id":740,"group":"searoutes","name":null}},{"type":"Feature","geometry":{"type":"LineString","coordinates":[[40.6536,-15.1939],[40.5275,-15.6898],[40.4073,-16.1902],[39.9951,-16.6419],[39.8515,-17.0872],[39.7111,-17.5285]]},"properties":{"id":741,"group":"searoutes","name":"The Echoing Iron route"}},{"type":"Feature","geometry":{"type":"LineString","coordinates":[[-19.0827,16.0343],[-19.3147,15.7074],[-19.8055,15.8328],[-20.2975,15.9524],[-20.9495,15.9628],[-21.3785,16.4178],[-21.1516,16.8578],[-20.9697,16.9579],[-20.8039,17.0848],[-20.618,17.1782]]},"properties":{"id":742,"group":"searoutes","name":"Sable route"}},{"type":"Feature","geometry":{"type":"LineString","coordinates":[[-19.1945,15.1374],[-19.3147,15.7074]]},"properties":{"id":743,"group":"searoutes","name":null}},{"type":"Feature","geometry":{"type":"LineString","coordinates":[[46.2689,-15.628],[45.851,-15.7386],[45.4675,-15.9381],[44.8865,-15.667],[44.2721,-15.4837]]},"properties":{"id":744,"group":"searoutes","name":"Psychraman route"}},{"type":"Feature","geometry":{"type":"LineString","coordinates":[[46.2689,-15.628],[46.5478,-15.4896],[46.7809,-15.3356],[47.0529,-15.2719]]},"properties":{"id":745,"group":"searoutes","name":"Jeweled route"}},{"type":"Feature","geometry":{"type":"LineString","coordinates":[[44.3833,-8.0405],[44.4471,-7.7316],[44.3666,-7.4199],[44.4015,-7.1104],[44.573,-6.6912],[44.7112,-6.2595],[44.876,-5.8378],[44.8233,-6.4741]]},"properties":{"id":746,"group":"searoutes","name":"The Misty Tranquil passage"}},{"type":"Feature","geometry":{"type":"LineString","coordinates":[[39.4504,-9.1955],[39.4355,-8.5273],[39.4173,-7.8611],[40.2006,-8.0028],[40.339,-7.5719],[40.4794,-7.1358],[40.9565,-6.7335],[41.431,-6.337],[42.1005,-6.09],[42.77,-5.845],[43.2829,-5.7358],[44.1331,-5.5785],[44.876,-5.8378],[45.1815,-5.4076],[45.4831,-4.9734],[45.8699,-4.5015],[46.6531,-4.1649],[46.8332,-4.6497]]},"properties":{"id":747,"group":"searoutes","name":"Partean route"}},{"type":"Feature","geometry":{"type":"LineString","coordinates":[[-25.2343,15.2296],[-24.949,14.7766],[-24.4595,14.8124],[-24.0695,15.3778],[-24.1663,15.9088],[-23.6431,16.3008],[-22.9125,16.5737],[-22.1819,16.8448],[-21.6645,16.8532],[-21.1516,16.8578]]},"properties":{"id":748,"group":"searoutes","name":"Iltablan route"}},{"type":"Feature","geometry":{"type":"LineString","coordinates":[[-29.6868,13.3116],[-29.666,12.871],[-29.0615,12.596],[-28.4589,12.3237],[-27.8616,12.4329],[-27.6835,12.895],[-27.5028,13.3539],[-26.884,13.337],[-26.2697,13.3142],[-25.8245,13.0705],[-25.2135,13.337],[-25.0432,13.8381],[-24.999,14.3054],[-24.949,14.7766]]},"properties":{"id":749,"group":"searoutes","name":"Pedarepigian lane"}},{"type":"Feature","geometry":{"type":"LineString","coordinates":[[-24.1663,15.9088],[-24.2177,16.6147],[-24.8105,16.6907],[-25.4013,16.7694],[-25.5996,16.4106]]},"properties":{"id":750,"group":"searoutes","name":"The Cracked Whirlwind water way"}},{"type":"Feature","geometry":{"type":"LineString","coordinates":[[38.0991,7.2411],[38.129,7.6792],[38.0666,8.0633],[38.285,8.5664],[38.155,8.6963],[38.508,9.0688],[39.286,9.2228],[40.0576,9.371],[40.7388,9.915],[41.5285,9.6648],[41.3855,8.9901],[41.2945,8.4234],[41.8665,7.8709],[42.4775,7.1495],[42.4229,6.4033],[42.4125,5.9081],[43.16,5.3036],[43.9127,5.1983],[44.356,4.9136],[44.4795,4.1337],[44.1532,3.6391],[43.628,3.3148],[43.1008,2.993],[42.759,3.0964],[42.1395,2.5998],[41.5136,2.0974],[41.1262,1.6158],[41.2165,1.1244],[41.3088,0.6344],[40.9675,0.3237],[40.7933,-0.3406],[40.0985,-0.5329],[39.9276,-0.2812],[39.7313,-0.0477],[39.5668,0.2087]]},"properties":{"id":751,"group":"searoutes","name":"The Serpentine Old route"}},{"type":"Feature","geometry":{"type":"LineString","coordinates":[[28.9952,16.5965],[29.198,16.3333],[28.886,15.8848],[29.0949,15.9175],[29.3057,15.9271],[29.5165,15.9368],[29.7502,16.2043],[29.8546,16.5505],[30.0625,16.8337],[30.3007,16.898],[30.4666,17.0924],[30.6904,17.1827],[30.8745,17.3682],[31.0311,17.578],[31.2098,17.7683],[31.8825,17.7502],[32.5598,17.7359],[33.332,17.7566],[34.1049,17.7781],[34.5345,17.4317],[35.0545,17.5552],[35.568,17.3277],[36.1667,17.574],[36.725,17.0547],[37.2821,16.536],[37.778,16.5607],[38.1355,15.4428],[37.6753,15.0763],[37.2723,15.0971],[37.154,14.4809],[37.0376,13.8686],[36.972,13.324],[36.3851,12.6903],[36.426,12.2126],[36.4728,11.7368],[36.8745,11.3481],[37.273,10.9595],[37.672,10.6527],[37.9535,9.9897],[38.2395,9.3294],[38.508,9.0688]]},"properties":{"id":752,"group":"searoutes","name":"Melykalkarasz route"}},{"type":"Feature","geometry":{"type":"LineString","coordinates":[[40.0985,-0.5329],[39.4024,-0.7221],[39.325,-1.6963],[38.7706,-1.9999],[38.337,-1.6509],[37.9067,-1.3044],[37.3835,-1.6073],[36.907,-1.2739],[36.4364,-0.9372],[36.0035,-0.5654],[35.5654,-0.1976],[34.9882,0.0988],[34.3707,0.1677],[33.7025,-0.1365],[33.0395,-0.4465],[32.24,-0.052],[31.707,0.0715],[31.3996,-0.3718],[31.2455,-1.0074],[31.0876,-1.6405],[30.4974,-2.2404]]},"properties":{"id":753,"group":"searoutes","name":"Platinum lane"}},{"type":"Feature","geometry":{"type":"LineString","coordinates":[[48.427,-13.712],[47.8945,-14.0235],[47.4201,-14.4178],[47.1907,-14.8251],[47.0529,-15.2719]]},"properties":{"id":754,"group":"searoutes","name":"The Sacred Great route"}},{"type":"Feature","geometry":{"type":"LineString","coordinates":[[-33.2748,10.8646],[-33.7564,10.6371],[-33.592,10.0742],[-33.0005,9.7493],[-32.5747,9.9891],[-32.11,10.1717],[-31.6426,10.3485],[-31.122,10.4122],[-30.5955,10.9452],[-30.587,11.4235],[-30.9478,11.7225]]},"properties":{"id":755,"group":"searoutes","name":"Wandering route"}},{"type":"Feature","geometry":{"type":"LineString","coordinates":[[-30.587,11.4235],[-30.147,11.3026],[-29.8025,11.7706],[-29.9052,12.3517],[-30.2315,12.7585],[-30.5578,13.1628],[-30.8886,12.8684]]},"properties":{"id":756,"group":"searoutes","name":"The Shrouded Molten water way"}},{"type":"Feature","geometry":{"type":"LineString","coordinates":[[-30.7255,13.7595],[-30.6849,13.5563],[-30.606,13.3638],[-30.5578,13.1628]]},"properties":{"id":757,"group":"searoutes","name":"The Obscure Shadow route"}},{"type":"Feature","geometry":{"type":"LineString","coordinates":[[-30.2315,12.7585],[-30.1145,13.0185],[-29.666,12.871]]},"properties":{"id":758,"group":"searoutes","name":null}},{"type":"Feature","geometry":{"type":"LineString","coordinates":[[35.217,11.5431],[35.638,11.5922],[36.053,11.68],[36.4728,11.7368]]},"properties":{"id":759,"group":"searoutes","name":"Whisperwind route"}},{"type":"Feature","geometry":{"type":"LineString","coordinates":[[38.129,7.6792],[37.7042,7.5601],[37.2886,7.4104],[36.8615,7.299]]},"properties":{"id":760,"group":"searoutes","name":"Amethyst route"}},{"type":"Feature","geometry":{"type":"LineString","coordinates":[[-44.2975,-7.1169],[-44.4854,-7.119],[-44.6531,-7.2385],[-44.8461,-7.2112]]},"properties":{"id":761,"group":"searoutes","name":"Partuenejan route"}},{"type":"Feature","geometry":{"type":"LineString","coordinates":[[-44.5874,-10.6715],[-44.3495,-10.936],[-43.732,-10.8151],[-43.1145,-10.693],[-42.965,-10.2497],[-43.3485,-9.6257],[-43.55,-8.8783],[-43.2081,-8.3044],[-43.0885,-7.5381],[-43.4891,-7.3908],[-43.8993,-7.2712],[-44.2975,-7.1169]]},"properties":{"id":762,"group":"searoutes","name":"The Shaky Flame lane"}},{"type":"Feature","geometry":{"type":"LineString","coordinates":[[-44.3495,-10.936],[-44.512,-11.3936],[-44.681,-11.8564],[-44.811,-12.4855],[-44.9416,-13.114],[-44.824,-13.6489],[-45.1035,-14.4094],[-45.5,-14.6343],[-46.2605,-14.7798],[-46.9885,-14.2989],[-46.9456,-13.6678],[-46.7389,-13.463]]},"properties":{"id":763,"group":"searoutes","name":"Crimson water way"}},{"type":"Feature","geometry":{"type":"LineString","coordinates":[[-44.811,-12.4855],[-45.1672,-12.324],[-45.5348,-12.189],[-45.888,-12.0208],[-46.1931,-11.9984],[-46.4955,-12.0933],[-46.8013,-12.0416],[-46.9098,-11.8856],[-47.1043,-11.812],[-47.1913,-11.6354],[-47.2956,-11.1531],[-47.5165,-10.7037],[-47.5917,-10.2133],[-47.7931,-9.896],[-48.0928,-9.6529],[-48.2696,-9.317],[-48.5087,-9.3631],[-48.7085,-9.5281],[-48.9573,-9.5445],[-49.2527,-9.4908],[-49.5574,-9.5643],[-49.8504,-9.4788]]},"properties":{"id":764,"group":"searoutes","name":"Molanotean passage"}},{"type":"Feature","geometry":{"type":"LineString","coordinates":[[-25.4013,16.7694],[-25.3207,17.4733],[-25.7985,17.9061],[-26.2769,18.339],[-26.7046,18.5554]]},"properties":{"id":765,"group":"searoutes","name":"Serpent route"}},{"type":"Feature","geometry":{"type":"LineString","coordinates":[[47.6281,-4.1077],[48.352,-3.9105],[49.0958,-3.8126],[49.3713,-3.6022],[49.6964,-3.4818],[50.0869,-3.0254],[50.5505,-2.6433],[50.824,-2.9029],[51.0146,-3.2283],[51.5771,-3.0616],[52.1606,-3.0001],[52.8103,-3.0166],[53.4482,-3.1412],[53.6822,-3.3422],[53.9721,-3.448],[54.2824,-3.0493],[54.5006,-2.5867],[54.834,-2.204],[55.2732,-2.2419],[55.7149,-2.1661],[56.1535,-2.2326]]},"properties":{"id":766,"group":"searoutes","name":"Morgyban passage"}},{"type":"Feature","geometry":{"type":"LineString","coordinates":[[47.6281,-4.1077],[47.1399,-4.1238],[46.6531,-4.1649],[46.5075,-3.6397],[46.358,-3.1197],[46.7318,-3.0733],[47.1011,-2.9959],[47.476,-2.9573]]},"properties":{"id":767,"group":"searoutes","name":"Ialiameatean route"}},{"type":"Feature","geometry":{"type":"LineString","coordinates":[[-47.6944,-14.0759],[-47.177,-14.2794],[-47.4103,-14.8949],[-47.9827,-14.5494],[-48.5407,-14.1812]]},"properties":{"id":768,"group":"searoutes","name":"Hirian route"}},{"type":"Feature","geometry":{"type":"LineString","coordinates":[[-46.9885,-14.2989],[-47.177,-14.2794]]},"properties":{"id":769,"group":"searoutes","name":null}},{"type":"Feature","geometry":{"type":"LineString","coordinates":[[36.3851,12.6903],[35.8085,12.973],[35.2268,13.2518],[35.1383,13.753],[35.05,14.243]]},"properties":{"id":770,"group":"searoutes","name":"Zircsegyhapolese passage"}},{"type":"Feature","geometry":{"type":"LineString","coordinates":[[29.198,16.3333],[29.3267,16.4048]]},"properties":{"id":771,"group":"searoutes","name":null}},{"type":"Feature","geometry":{"type":"LineString","coordinates":[[31.2098,17.7683],[31.577,18.2506],[31.1018,18.9123],[30.4356,19.5655]]},"properties":{"id":772,"group":"searoutes","name":"Nalokloszent lane"}},{"type":"Feature","geometry":{"type":"LineString","coordinates":[[31.8955,17.1223],[31.8825,17.7502],[31.85,17.8736],[31.577,18.2506]]},"properties":{"id":773,"group":"searoutes","name":"Celsozfezoman route"}},{"type":"Feature","geometry":{"type":"LineString","coordinates":[[41.3088,0.6344],[42.4658,0.3035],[43.6319,-0.3061],[44.1844,-0.8963],[44.5575,-1.4559],[44.926,-2.0129],[45.578,-2.2293],[46.2332,-2.4483],[46.358,-3.1197]]},"properties":{"id":774,"group":"searoutes","name":"Ethereal lane"}},{"type":"Feature","geometry":{"type":"LineString","coordinates":[[42.5698,13.2596],[42.3268,12.9503],[42.1161,12.6176],[41.8795,12.3036],[41.3205,11.7154],[41.2406,11.0927],[40.7388,9.915]]},"properties":{"id":775,"group":"searoutes","name":"The Rustic Amber passage"}},{"type":"Feature","geometry":{"type":"LineString","coordinates":[[35.2131,14.3925],[35.1383,13.753]]},"properties":{"id":776,"group":"searoutes","name":null}},{"type":"Feature","geometry":{"type":"LineString","coordinates":[[35.0545,17.5552],[34.9635,17.0807],[34.8088,16.8649]]},"properties":{"id":777,"group":"searoutes","name":null}},{"type":"Feature","geometry":{"type":"LineString","coordinates":[[-35.5953,12.1365],[-35.4996,11.7064],[-35.2575,11.3317],[-35.1325,10.9127],[-35.05,10.658],[-34.9316,10.4172],[-34.8419,10.1652],[-35.373,9.9443],[-35.9079,9.7265],[-36.179,9.3528],[-36.4559,8.9843],[-37.05,9.1773],[-37.6467,9.3645],[-38.2265,9.2098],[-38.8765,9.8338],[-38.9408,10.6157],[-38.5898,10.7723]]},"properties":{"id":778,"group":"searoutes","name":"Yunguihuean water way"}},{"type":"Feature","geometry":{"type":"LineString","coordinates":[[-33.7564,10.6371],[-34.3005,10.3992],[-34.8419,10.1652]]},"properties":{"id":779,"group":"searoutes","name":null}},{"type":"Feature","geometry":{"type":"LineString","coordinates":[[-50.505,-23.4957],[-50.7709,-23.609],[-51.0199,-23.7569],[-51.2824,-23.8772],[-51.3305,-24.4121],[-50.934,-25.1725],[-50.4926,-25.4013],[-49.8225,-25.621],[-49.153,-25.8426],[-49.0685,-26.5738],[-48.763,-26.9469],[-48.464,-27.3154],[-47.8868,-27.5507],[-47.1185,-27.0119],[-46.9398,-25.8413],[-46.9495,-25.3415],[-46.9579,-24.843],[-46.891,-24.2041],[-47.138,-24.0221],[-46.8279,-23.5626],[-46.358,-22.9829],[-46.6454,-22.8543],[-46.9445,-22.7537],[-47.229,-22.6182],[-47.4372,-22.3544],[-47.7347,-22.1753],[-47.9206,-21.8903]]},"properties":{"id":780,"group":"searoutes","name":"The Great Whirlwind route"}},{"type":"Feature","geometry":{"type":"LineString","coordinates":[[48.3945,0.5063],[48.399,0.9931],[48.0272,1.1686],[47.5085,0.9294],[46.9853,0.6857],[46.2839,0.1931],[45.9375,-0.4517],[45.461,-0.3899],[44.982,-0.3243],[44.5835,-0.6109],[44.1844,-0.8963]]},"properties":{"id":781,"group":"searoutes","name":"Ethereal passage"}},{"type":"Feature","geometry":{"type":"LineString","coordinates":[[-43.0885,-7.5381],[-42.6725,-7.0844],[-42.263,-6.6243],[-42.46,-6.3383],[-42.913,-6.194],[-43.368,-6.0458],[-43.3485,-5.3751],[-43.3257,-4.7056],[-43.1256,-4.2338],[-42.835,-3.7307],[-42.5496,-3.2328],[-42.679,-2.5868],[-43.5695,-2.0733],[-44.3326,-2.202],[-44.4801,-1.4832],[-44.7444,-1.6807],[-44.9908,-1.901],[-45.2595,-2.0928],[-45.4638,-2.0373],[-45.6829,-2.0981],[-45.8835,-2.0135]]},"properties":{"id":782,"group":"searoutes","name":"Zaosocelas route"}},{"type":"Feature","geometry":{"type":"LineString","coordinates":[[35.0545,17.5552],[35.139,18.029],[35.6265,18.2181],[36.1088,18.4098],[36.6483,19.5921],[36.2277,19.4849]]},"properties":{"id":783,"group":"searoutes","name":"Monhopobapean route"}},{"type":"Feature","geometry":{"type":"LineString","coordinates":[[-46.358,-22.9829],[-45.9875,-23.5867],[-45.6137,-24.1879],[-45.1815,-24.3926],[-44.8936,-23.976],[-44.2091,-24.1944],[-43.7905,-23.6647],[-43.3764,-23.1401],[-43.5435,-22.4752],[-43.706,-21.8136],[-43.862,-21.3833],[-44.6062,-21.1305],[-44.876,-20.6619],[-45.147,-20.1959],[-45.4155,-19.5635],[-46.0909,-19.6512],[-46.7109,-19.4361],[-47.151,-19.557],[-47.5917,-19.6811],[-47.827,-19.2775],[-48.0564,-18.8706],[-48.204,-18.2961],[-48.3489,-17.7189],[-48.1,-17.3341],[-47.8478,-16.9507],[-47.6307,-16.0804],[-47.5215,-15.4883],[-47.4103,-14.8949]]},"properties":{"id":784,"group":"searoutes","name":"The Shrouded Nightshade route"}},{"type":"Feature","geometry":{"type":"LineString","coordinates":[[-51.2824,-23.8772],[-51.8635,-24.0221],[-52.4433,-24.1729],[-52.4342,-24.6994],[-52.3965,-25.27],[-52.3536,-25.8355],[-52.845,-26.1345],[-53.6347,-25.723],[-53.8967,-24.9652],[-53.8687,-24.5414]]},"properties":{"id":785,"group":"searoutes","name":"Sapphire route"}},{"type":"Feature","geometry":{"type":"LineString","coordinates":[[-49.1341,-25.1361],[-49.153,-25.8426]]},"properties":{"id":786,"group":"searoutes","name":null}},{"type":"Feature","geometry":{"type":"LineString","coordinates":[[-26.247,-37.1251],[-26.819,-37.1024],[-27.5801,-37.5482],[-28.1385,-38.113],[-28.845,-38.1013],[-29.3046,-38.3574],[-29.627,-38.8215],[-29.9461,-39.2849],[-29.9325,-39.7964],[-30.0235,-39.8419],[-29.915,-40.3131],[-30.1047,-40.4002],[-30.7515,-40.5504],[-31.4034,-40.6998],[-31.9085,-40.9923],[-32.409,-41.2867],[-33.3957,-41.0378],[-35.644,-38.2151],[-35.9112,-37.6834],[-36.2635,-37.0731],[-35.8156,-36.4869],[-36.0093,-35.6257],[-36.205,-35.1103],[-36.4208,-34.2036],[-36.5235,-33.4789],[-37.2905,-32.6795],[-37.958,-32.6125],[-38.0295,-32.0672],[-37.739,-31.4316],[-37.4497,-30.7946],[-37.531,-30.3526],[-37.6168,-29.9048],[-37.8313,-29.0989],[-38.285,-28.7018],[-38.7419,-28.3007],[-39.4433,-28.0681],[-39.9295,-27.9543],[-40.4215,-27.838],[-40.989,-27.5904],[-41.5577,-27.346],[-41.8542,-26.4919],[-42.8337,-24.2568],[-43.7905,-23.6647]]},"properties":{"id":787,"group":"searoutes","name":"The Frosty Serpent water way"}},{"type":"Feature","geometry":{"type":"LineString","coordinates":[[-45.9875,-23.5867],[-46.2215,-23.8726],[-46.891,-24.2041]]},"properties":{"id":788,"group":"searoutes","name":null}},{"type":"Feature","geometry":{"type":"LineString","coordinates":[[-53.8967,-24.9652],[-54.2041,-24.5447]]},"properties":{"id":789,"group":"searoutes","name":null}},{"type":"Feature","geometry":{"type":"LineString","coordinates":[[48.399,0.9931],[48.7912,0.8773],[49.1911,0.7898],[49.5813,0.6669]]},"properties":{"id":790,"group":"searoutes","name":"Margian route"}},{"type":"Feature","geometry":{"type":"LineString","coordinates":[[46.4113,9.9274],[45.669,9.8533],[45.4428,10.5728],[45.4155,11.029],[45.6592,11.4359]]},"properties":{"id":791,"group":"searoutes","name":"Crolish route"}},{"type":"Feature","geometry":{"type":"LineString","coordinates":[[-54.1742,-21.8428],[-53.9555,-21.6159],[-53.8284,-21.3157],[-53.5866,-21.1071],[-53.724,-20.9313],[-53.9446,-20.8408],[-54.0611,-20.6437]]},"properties":{"id":792,"group":"searoutes","name":"Frost route"}},{"type":"Feature","geometry":{"type":"LineString","coordinates":[[-54,-11.1603],[-53.7558,-11.1491],[-53.5545,-10.9953],[-53.3188,-10.9555],[-53.1676,-11.4149],[-52.8837,-11.8118],[-52.7059,-12.2587],[-52.4447,-12.3458],[-52.1675,-12.2893],[-51.9031,-12.3477],[-51.5266,-12.3944],[-51.1538,-12.2989],[-50.778,-12.3172],[-50.6717,-12.5509],[-50.4536,-12.7002],[-50.3249,-12.9171],[-49.8525,-13.1216],[-49.3473,-13.2206],[-48.9857,-13.7359],[-48.5407,-14.1812]]},"properties":{"id":793,"group":"searoutes","name":"The Obscure Shadow route"}},{"type":"Feature","geometry":{"type":"LineString","coordinates":[[-55.3169,-20.8276],[-55.4712,-21.32],[-55.4858,-21.8396],[-55.612,-22.3375],[-55.8938,-22.5671],[-56.0713,-22.8905],[-56.3322,-23.1388],[-56.3077,-23.6738],[-56.2555,-24.2067],[-55.716,-24.0988],[-55.2391,-24.036],[-54.7592,-24.0007],[-54.6833,-23.7273],[-54.7179,-23.4347],[-54.6143,-23.1661],[-54.5341,-22.8747],[-54.5659,-22.5635],[-54.4576,-22.277],[-54.3643,-22.0284],[-54.1742,-21.8428]]},"properties":{"id":794,"group":"searoutes","name":"Medran route"}},{"type":"Feature","geometry":{"type":"LineString","coordinates":[[-53.6347,-25.723],[-54.327,-25.9135],[-55.198,-25.6275],[-55.3709,-25.1485],[-55.5425,-24.6266],[-55.716,-24.0988],[-55.4794,-23.8824]]},"properties":{"id":795,"group":"searoutes","name":"Crimson route"}},{"type":"Feature","geometry":{"type":"LineString","coordinates":[[-49.0594,2.542],[-48.8995,2.6847],[-48.7678,2.8546],[-48.6135,3.0028],[-48.7252,2.7127],[-48.8605,2.4328],[-49.0131,1.8688],[-49.2635,1.3409],[-49.8766,1.0614],[-50.5258,0.8814]]},"properties":{"id":796,"group":"searoutes","name":"Monian route"}},{"type":"Feature","geometry":{"type":"LineString","coordinates":[[-38.9408,10.6157],[-39.0949,11.4066],[-39.3575,11.8486],[-39.6149,12.2958],[-40.2675,12.3816],[-40.469,13.0621],[-40.6542,13.7569],[-40.0738,14.0682]]},"properties":{"id":797,"group":"searoutes","name":"Milcauran passage"}},{"type":"Feature","geometry":{"type":"LineString","coordinates":[[-45.838,6.1615],[-46.1489,6.1739],[-46.4593,6.1472],[-46.7701,6.1518],[-46.6207,6.2858],[-46.4935,6.4427],[-46.3385,6.571]]},"properties":{"id":798,"group":"searoutes","name":"Pinorancan passage"}},{"type":"Feature","geometry":{"type":"LineString","coordinates":[[-47.7782,6.7322],[-47.7161,6.5187],[-47.6165,6.319],[-47.5468,6.1082],[-46.7701,6.1518],[-46.7545,5.5831],[-46.7421,5.0144],[-46.3775,4.6017],[-46.0089,4.1857],[-45.578,3.7827],[-44.7265,3.5487],[-44.3079,3.7197],[-43.7255,3.3148],[-42.614,3.6007],[-42.0901,4.2884],[-42.3221,4.5204],[-41.9315,4.8551],[-41.5473,5.186],[-41.3452,5.572],[-41.2555,6.0836],[-41.1716,6.5977],[-40.69,6.6685],[-40.2051,6.7439],[-39.897,7.0975],[-39.5876,7.4471],[-39.8125,8.0984],[-40.0419,8.749],[-40.3916,9.1247],[-40.729,9.7623],[-41.0631,10.396],[-41.73,10.8152],[-42.3949,11.2409],[-42.4937,12.1047],[-42.9455,12.6675],[-43.3933,13.2336],[-43.6715,13.7913],[-43.966,14.3704],[-45.396,14.4094],[-45.7463,13.7413],[-46.28,13.324],[-46.8078,12.9009],[-47.3752,13.0718],[-47.5793,12.6805]]},"properties":{"id":799,"group":"searoutes","name":"Scarlet water way"}},{"type":"Feature","geometry":{"type":"LineString","coordinates":[[49.1296,5.4843],[48.7546,5.6435],[48.347,5.2971],[47.9453,4.9546],[48.3145,4.3807],[48.6152,4.4497],[48.9091,4.5459],[49.2115,4.6082],[49.4249,4.6037],[49.6254,4.7124],[49.842,4.6797],[50.0337,4.7872],[50.1562,4.9872],[50.3652,5.0716],[50.7626,5.0096],[51.1695,5.0646],[51.5645,4.9734]]},"properties":{"id":800,"group":"searoutes","name":"Nemamisan lane"}},{"type":"Feature","geometry":{"type":"LineString","coordinates":[[49.751,8.4234],[49.1519,8.1477],[48.542,7.8969],[48.7389,7.2541],[48.4575,6.3435],[48.7546,5.6435]]},"properties":{"id":801,"group":"searoutes","name":"The Echoing Dusk route"}},{"type":"Feature","geometry":{"type":"LineString","coordinates":[[48.3145,4.3807],[48.6896,3.81],[48.9762,3.06],[48.7767,2.49],[48.5875,1.7419],[48.399,0.9931]]},"properties":{"id":802,"group":"searoutes","name":"Wraith lane"}},{"type":"Feature","geometry":{"type":"LineString","coordinates":[[-55.4625,-18.8362],[-55.5861,-18.3886],[-55.8239,-17.9808],[-55.9188,-17.5233]]},"properties":{"id":803,"group":"searoutes","name":"Cuerreallan lane"}},{"type":"Feature","geometry":{"type":"LineString","coordinates":[[-55.3169,-20.8276],[-55.0801,-20.5643],[-54.8433,-20.3011],[-54.6754,-19.9853],[-54.7407,-19.8042],[-54.899,-19.6948],[-55.0619,-19.3922],[-55.3245,-19.1551],[-55.4625,-18.8362]]},"properties":{"id":804,"group":"searoutes","name":"Micagan route"}},{"type":"Feature","geometry":{"type":"LineString","coordinates":[[-56.0365,-16.9923],[-56.0574,-17.1826],[-55.928,-17.3396],[-55.9188,-17.5233]]},"properties":{"id":805,"group":"searoutes","name":"Cuerreallan route"}},{"type":"Feature","geometry":{"type":"LineString","coordinates":[[49.751,8.4234],[49.7215,8.7244],[49.5859,8.9947],[49.6408,9.4415],[49.5837,9.895],[49.6665,10.3401],[49.8887,10.362],[50.0853,10.4948],[50.3139,10.4889],[50.5353,10.8054],[50.6572,11.1809],[50.9035,11.4827]]},"properties":{"id":806,"group":"searoutes","name":"The Cracked Stardust water way"}},{"type":"Feature","geometry":{"type":"LineString","coordinates":[[45.669,9.8533],[45.8965,9.1364],[46.5985,8.8003],[47.3038,8.4624],[47.7399,8.3168],[48.542,7.8969]]},"properties":{"id":807,"group":"searoutes","name":"The Serpentine Jeweled route"}},{"type":"Feature","geometry":{"type":"LineString","coordinates":[[41.8795,12.3036],[42.5243,11.9961],[43.0144,11.5171],[43.641,11.2247],[44.2611,10.9328],[44.837,10.9842],[45.4155,11.029]]},"properties":{"id":808,"group":"searoutes","name":"The Frosty Amber route"}},{"type":"Feature","geometry":{"type":"LineString","coordinates":[[-44.4801,-1.4832],[-44.1285,-1.0009],[-44.382,0.039],[-44.9845,0.6006],[-44.7928,1.4741],[-45.4227,2.1104],[-46.1565,1.9694],[-46.8962,1.8277],[-47.4305,2.1579],[-47.9609,2.4893],[-48.6135,3.0028],[-48.163,3.6911],[-48.321,4.1207],[-48.4822,4.5516]]},"properties":{"id":809,"group":"searoutes","name":"The Silent King route"}},{"type":"Feature","geometry":{"type":"LineString","coordinates":[[48.427,-13.712],[48.7895,-14.3297],[49.06,-14.993],[49.0028,-15.2343],[49.0496,-15.4779],[49.7268,-15.4149],[50.3861,-15.2478],[50.8683,-15.3281],[51.3214,-15.5117],[51.5569,-16.2356],[51.6867,-16.9858],[52.0344,-17.1531],[52.3205,-17.4121],[52.2457,-17.9111],[52.2827,-18.4204],[52.1801,-18.9168]]},"properties":{"id":810,"group":"searoutes","name":"Syrian route"}},{"type":"Feature","geometry":{"type":"LineString","coordinates":[[53.1219,3.396],[52.7521,3.5752],[52.3367,3.6075],[51.9578,3.7574],[51.8229,3.8835],[51.6265,3.8714],[51.4794,3.9699],[51.5671,4.2994],[51.5064,4.6414],[51.5645,4.9734]]},"properties":{"id":811,"group":"searoutes","name":"Nemamis lane"}},{"type":"Feature","geometry":{"type":"LineString","coordinates":[[-52.8424,-1.7581],[-52.534,-1.3785],[-52.3439,-0.9237],[-52.0591,-0.529],[-51.7105,-0.6309],[-51.3474,-0.6233],[-50.901,-0.3035],[-50.5264,0.0982],[-50.4725,0.4897],[-50.5258,0.8814]]},"properties":{"id":812,"group":"searoutes","name":"The Breezy Amethyst route"}},{"type":"Feature","geometry":{"type":"LineString","coordinates":[[-52.8424,-1.7581],[-53.2055,-1.841],[-53.5349,-2.0326],[-53.9064,-2.0883]]},"properties":{"id":813,"group":"searoutes","name":"Estedian route"}},{"type":"Feature","geometry":{"type":"LineString","coordinates":[[57.5159,-5.3835],[57.7274,-5.0437],[57.7947,-4.643],[57.9774,-4.2909],[57.9059,-3.9443],[57.6914,-3.6545],[57.5913,-3.3193],[57.7843,-3.1036],[57.8458,-2.8129],[58.0125,-2.5822],[57.9902,-2.0899],[57.8211,-1.6222],[57.7694,-1.1348],[57.5551,-1.0495],[57.323,-1.1097],[57.1051,-1.0535],[56.7429,-1.4103],[56.4932,-1.8577],[56.1535,-2.2326]]},"properties":{"id":814,"group":"searoutes","name":"Morgyban lane"}},{"type":"Feature","geometry":{"type":"LineString","coordinates":[[-50.5368,5.8021],[-49.7717,5.5459],[-48.9788,5.3966],[-48.7422,4.9672],[-48.4822,4.5516],[-48.1325,4.8356],[-47.7782,5.1249],[-47.6645,5.6156],[-47.5468,6.1082]]},"properties":{"id":815,"group":"searoutes","name":"Estriesanan route"}},{"type":"Feature","geometry":{"type":"LineString","coordinates":[[-44.0147,11.7804],[-43.8283,11.7513],[-43.6719,11.8788],[-43.4915,11.8811],[-43.2966,12.1343],[-43.1339,12.4099],[-42.9455,12.6675],[-41.832,13.0484],[-41.6104,13.6399],[-40.6542,13.7569]]},"properties":{"id":816,"group":"searoutes","name":"The Shrouded Moonlit route"}},{"type":"Feature","geometry":{"type":"LineString","coordinates":[[-52.2203,6.0355],[-51.9251,6.1273],[-51.62,6.1343],[-51.3149,6.1414],[-51.078,5.9769],[-50.785,5.9409],[-50.5368,5.8021]]},"properties":{"id":817,"group":"searoutes","name":"The Serpentine Amethyst route"}},{"type":"Feature","geometry":{"type":"LineString","coordinates":[[-53.9298,4.9143],[-53.5672,4.8664],[-53.2093,4.9675],[-52.8476,4.9494],[-52.5429,4.8343],[-52.2224,4.8057],[-51.9018,4.7772],[-51.952,5.2108],[-52.1422,5.6089],[-52.2203,6.0355]]},"properties":{"id":818,"group":"searoutes","name":"Rueronese lane"}},{"type":"Feature","geometry":{"type":"LineString","coordinates":[[-53.9298,4.9143],[-54.2742,4.6091],[-54.5325,4.2187],[-54.8983,3.9348],[-55.0953,4.1187],[-55.2923,4.3027],[-55.419,4.5464]]},"properties":{"id":819,"group":"searoutes","name":"Cancanar passage"}},{"type":"Feature","geometry":{"type":"LineString","coordinates":[[-47.3752,13.0718],[-47.151,13.506],[-46.9319,13.9447],[-47.3817,14.6349],[-47.9635,14.7929],[-48.5472,14.956],[-49.075,15.0139],[-49.0543,14.5288],[-49.0029,14.0455],[-48.9898,13.5599]]},"properties":{"id":820,"group":"searoutes","name":"Astral route"}},{"type":"Feature","geometry":{"type":"LineString","coordinates":[[-55.8363,12.0735],[-55.5965,12.0103],[-55.3539,12.0937],[-55.1135,12.0598],[-54.8404,12.3279],[-54.6829,12.6825],[-54.4329,12.9678],[-54.2092,13.2849],[-54.1126,13.6661],[-53.9142,13.996],[-53.5087,13.8808],[-53.083,13.9042],[-52.6734,13.8167],[-52.3136,14.1961],[-52.0416,14.6427],[-51.8911,14.9956],[-51.766,15.3583],[-51.0952,15.2582],[-50.557,15.5533],[-50.0207,15.8523],[-49.5989,15.0769],[-49.075,15.0139]]},"properties":{"id":821,"group":"searoutes","name":"Ebon lane"}},{"type":"Feature","geometry":{"type":"LineString","coordinates":[[-47.151,13.506],[-46.8715,13.4215],[-46.28,13.324]]},"properties":{"id":822,"group":"searoutes","name":null}},{"type":"Feature","geometry":{"type":"LineString","coordinates":[[-46.7421,5.0144],[-47.2615,5.0696],[-47.7782,5.1249]]},"properties":{"id":823,"group":"searoutes","name":null}},{"type":"Feature","geometry":{"type":"LineString","coordinates":[[-53.3682,19.4868],[-53.6263,19.2067],[-54.327,19.7045]]},"properties":{"id":824,"group":"searoutes","name":null}},{"type":"Feature","geometry":{"type":"LineString","coordinates":[[-51.766,15.3583],[-51.8245,15.8068],[-51.7985,16.5282],[-52.3893,16.8942],[-52.312,17.3602],[-52.2294,17.8301],[-52.6955,18.2506],[-53.1635,18.6724],[-53.6263,19.2067]]},"properties":{"id":825,"group":"searoutes","name":"Paved route"}}]}